{"type": "FeatureCollection", "features": [{"type": "Feature", "properties": {"ST_NM": "Andhra Pradesh", "ST_ID": "IN-AP", "ID": "AP"}, "geometry": {"type": "MultiPolygon", "coordinates": [[[[81.3937476741159, 16.3338047116182], [81.32692403241822, 16.30651313207545], [81.30920657962002, 16.29526669350315], [81.27536218351798, 16.27830194627785], [81.27045886028822, 16.286025632476992], [81.27942302275437, 16.295715940838022], [81.26775205921024, 16.31126255702145], [81.27704388426793, 16.31638931321629], [81.28633770671985, 16.31190162336128], [81.2996607887145, 16.317256274057854], [81.32485849382448, 16.320528951050278], [81.3221752019241, 16.310219937899888], [81.35185967598329, 16.323291821260568], [81.36890744052602, 16.33403757847151], [81.3937476741159, 16.3338047116182]]], [[[84.7685819052308, 19.08002272866605], [84.75544750280005, 19.054767966968143], [84.74345146491322, 19.058516918620967], [84.72797252541176, 19.051337113616967], [84.72309465029792, 19.038068044904378], [84.7325299711813, 19.031045389233384], [84.73168860504512, 19.0215838099449], [84.71754680094415, 19.010137819904514], [84.6921236762667, 18.96946001966421], [84.66859951685427, 18.946418574057986], [84.63267044908201, 18.91633575339233], [84.59783263486827, 18.874694074172226], [84.58120411178038, 18.867027775511474], [84.57978564079474, 18.843010399110653], [84.57131127069863, 18.836465864408183], [84.56070865048389, 18.807441703172117], [84.55507207311774, 18.786271809696302], [84.51663343188744, 18.756038230280126], [84.49332916840643, 18.733928454434647], [84.46625037745304, 18.70036924504467], [84.45405244266618, 18.688008644483432], [84.43703563728491, 18.664282588170977], [84.43685830446725, 18.650173838651767], [84.41230099309644, 18.636435116087796], [84.40390765101733, 18.62466043373206], [84.37928440764938, 18.600677402440226], [84.36251687095688, 18.576466461358166], [84.33440270582025, 18.573822360113866], [84.33443663724108, 18.55847044445551], [84.3215171098268, 18.5619306597722], [84.31003340581708, 18.554368322739947], [84.30865639357773, 18.541891856224254], [84.28932571351095, 18.53138598417587], [84.27429787664573, 18.51873658792323], [84.27989137019063, 18.51235670020162], [84.29287520272845, 18.525934458508516], [84.30376688033732, 18.53224383758311], [84.32525331179096, 18.538081970106873], [84.34439511354373, 18.551404255302202], [84.34906552315545, 18.548375658809675], [84.28256084670579, 18.494993552410563], [84.26055140732166, 18.475259363628766], [84.25031173459894, 18.46304873491124], [84.22152093933994, 18.44184415458409], [84.19916713065862, 18.417898646605295], [84.17477083030963, 18.395089131658153], [84.14921442520563, 18.3686689529099], [84.13494868463414, 18.349927906148025], [84.11670282887252, 18.350273063251336], [84.09247403624784, 18.34567396717989], [84.08533203244741, 18.340511612221178], [84.06107673500338, 18.335889866724017], [84.03947371004375, 18.344508603189524], [84.01967065837425, 18.34865980810372], [83.99630982393927, 18.35955429519464], [83.9929952996934, 18.34970310801208], [84.02877995972744, 18.339858195399472], [84.05859717911659, 18.32519406595344], [84.07277222485834, 18.326314819073673], [84.09113263446358, 18.33616255016159], [84.11183369247101, 18.340610111367596], [84.12726321512531, 18.331814106835623], [84.1261144049559, 18.312999355236116], [84.11836499724689, 18.30100497210185], [84.07521370075176, 18.278635722060983], [84.0578622882141, 18.263418052701013], [84.00624489448637, 18.24373321151853], [83.9768698303784, 18.23036537835958], [83.95427429742097, 18.213618331820612], [83.94280952503959, 18.21642957026853], [83.93211006133032, 18.224915797026483], [83.92722256796719, 18.216148582491144], [83.93269063306633, 18.2081533666846], [83.89760195026986, 18.197119996390768], [83.88113536720351, 18.187547675484893], [83.86944324710822, 18.170898408634685], [83.77666270521974, 18.138955900594397], [83.73863631951059, 18.118046004719417], [83.70304931787177, 18.10171082159718], [83.6920613957169, 18.091825812711136], [83.67464139368542, 18.082655534625246], [83.6679311543993, 18.07251101017505], [83.63016094507162, 18.051755619626192], [83.60453931034095, 18.03341100571339], [83.58730917857577, 18.014833292022843], [83.55737856906575, 18.012448907790883], [83.56604658298346, 18.00211681354017], [83.56098358332576, 17.97297793208594], [83.55425632706789, 17.962562681122904], [83.51633343893712, 17.93481012528713], [83.47471930595128, 17.910542329065265], [83.44555907279306, 17.91950144633472], [83.4548469965917, 17.891970305385314], [83.45342420706157, 17.880153325215815], [83.43843665173017, 17.864025182216437], [83.42337449044044, 17.85311108630765], [83.41426375826586, 17.84145957509935], [83.41934923378017, 17.81628432066492], [83.41626175687463, 17.807350949187025], [83.38847857012996, 17.781043264834864], [83.37810525725189, 17.767552939516577], [83.35842635878947, 17.755365665293255], [83.34711425891595, 17.732740200200112], [83.34636914541977, 17.721393662587502], [83.32992114504486, 17.70722409641496], [83.31457366304414, 17.701720011669238], [83.2995929983183, 17.689851284509245], [83.2945361877949, 17.670676068445857], [83.28352277975256, 17.65626181293237], [83.26028338796806, 17.642620612851033], [83.24134713885945, 17.625321767485616], [83.22775401923263, 17.628706385791133], [83.2155280723627, 17.64659845815237], [83.19815682257934, 17.63806475618361], [83.19720443513665, 17.626696699593083], [83.23233812270627, 17.608231254568807], [83.21726737019304, 17.589828485995895], [83.17392524925089, 17.567455585606865], [83.16843602580201, 17.56024519825735], [83.13973772131885, 17.546971202159284], [83.10591749989277, 17.53889379371367], [83.09939787101501, 17.547122736125402], [83.08572594469666, 17.53033524797337], [83.07368962797403, 17.52465402556288], [83.04452869694188, 17.516566179585595], [83.02627701087539, 17.507758204177833], [83.00700505833686, 17.494602148770184], [83.00466904324179, 17.482272936346988], [82.9928739228933, 17.470750832185217], [82.94504956198773, 17.452870871893253], [82.90884566679415, 17.43366783800036], [82.86553816975078, 17.415049051372648], [82.84002261365276, 17.39958482028328], [82.80957176612418, 17.389831857054617], [82.75309551704453, 17.366161130631724], [82.70790944326626, 17.342481893024967], [82.68038568754952, 17.325081613125974], [82.62992587777711, 17.299151366142667], [82.60404643439551, 17.28226067269196], [82.56019764980175, 17.256106810181222], [82.52474745842852, 17.229327872083672], [82.50792268528375, 17.212573409735114], [82.46248750829193, 17.175187721735995], [82.44554174395637, 17.164112002367062], [82.41002041530999, 17.126674227433682], [82.39903694569853, 17.11898094191696], [82.37110774592577, 17.093623841866872], [82.35424382259441, 17.073910445410775], [82.33651876333033, 17.059146845550515], [82.30114490101641, 17.02418018366859], [82.28361799207676, 16.99560540916235], [82.27878121148376, 16.97093925284429], [82.2662614650946, 16.930995294897002], [82.25317589135437, 16.93205274024183], [82.24873960225091, 16.896969433592517], [82.25128436078467, 16.887114203957424], [82.26227969245389, 16.883482064345856], [82.26663722522784, 16.871874410375767], [82.2827371789777, 16.861435707791713], [82.30363665440814, 16.85685676193009], [82.3158591595726, 16.83991007758806], [82.32690191698993, 16.85099085024757], [82.35210906947805, 16.849304816564086], [82.35714166755395, 16.841791462006427], [82.3544145157174, 16.831068951371037], [82.3648599515256, 16.826269655420333], [82.36685668298958, 16.86668330588992], [82.36602655837902, 16.928035115228454], [82.35427446519446, 16.95520589873331], [82.34000588726195, 16.96576918080308], [82.35116535779508, 16.972734052334715], [82.36787405544334, 16.93966584310425], [82.37213409990886, 16.922622956484304], [82.37546057074877, 16.879474665523446], [82.37564512152522, 16.842541838335194], [82.34869042892024, 16.75062365006147], [82.35117344180094, 16.72353134589497], [82.344847122197, 16.72102427345152], [82.3302996689946, 16.728600502311394], [82.32022276816627, 16.7245996955196], [82.32891691728196, 16.714943625248168], [82.34252288462346, 16.709808501761017], [82.33992785218868, 16.68863875037806], [82.35644376756585, 16.692257636680665], [82.35856697788375, 16.70523642761907], [82.36787279819112, 16.701766406094805], [82.35182957367596, 16.68005309817198], [82.33466289267841, 16.666909059505542], [82.32376662313123, 16.650806355628845], [82.33454248065101, 16.624314796790486], [82.3146693187341, 16.625739561231796], [82.31040617070829, 16.606503505132707], [82.29957418470093, 16.609424125423118], [82.29585962672047, 16.597804734400995], [82.30458776481356, 16.59136796905659], [82.29821832901274, 16.570484042904297], [82.27012707050795, 16.56387460862635], [82.28064029091672, 16.554568835983048], [82.30973748609614, 16.559930580531898], [82.3132329359513, 16.554776275404834], [82.28842653575606, 16.5483288521948], [82.25761545488939, 16.54457561886977], [82.23042735313987, 16.533925100762815], [82.20143254577545, 16.516198933533985], [82.18304997507636, 16.50272451362548], [82.15928868062815, 16.493959887338974], [82.16713995184733, 16.50682808684678], [82.16909139794973, 16.52074605688506], [82.20001819008746, 16.558495287727396], [82.19763581943755, 16.56475001050461], [82.18019115619694, 16.561080308009878], [82.16428453060666, 16.549763841927813], [82.1545594949248, 16.53123823046002], [82.14322901200933, 16.517393722442364], [82.13820162820264, 16.48455830811946], [82.10389687544051, 16.46930561556178], [82.06938109136433, 16.44994243579481], [82.00728941967105, 16.422936416182722], [81.96752822374856, 16.396223423572167], [81.96254483567566, 16.407800708336083], [81.96937379986105, 16.43279307484056], [81.95678331459834, 16.425900078925565], [81.95033819994802, 16.398439502381166], [81.9382316677573, 16.391333357248698], [81.90959764051877, 16.386951990641876], [81.86454437592226, 16.37212300737093], [81.85456893211057, 16.370513885507478], [81.80809122143279, 16.347690892420815], [81.77706045147869, 16.32975870490037], [81.75026983568443, 16.316806567169408], [81.72579347768692, 16.307442917756475], [81.72286781669646, 16.312881819640324], [81.73467324507425, 16.34271592739816], [81.73473111734722, 16.356531034779493], [81.72480648972777, 16.35571893707936], [81.72442825555959, 16.33204401082247], [81.71886520676395, 16.327273887979572], [81.71583888735483, 16.312220028331694], [81.70875389787415, 16.30276000666902], [81.70162649366779, 16.304956110636056], [81.70002666809631, 16.318702632120846], [81.68319907557691, 16.32813283406307], [81.65037948302677, 16.338042306307443], [81.59276806739246, 16.341823376347804], [81.5728195548786, 16.34803376794406], [81.57269776329122, 16.3565305653334], [81.55682010216606, 16.384790179623167], [81.55446760609522, 16.360147851742], [81.52863424217657, 16.350757948420608], [81.51475629466734, 16.351514846632938], [81.48476653944431, 16.346534887674977], [81.43342663063453, 16.342187266329347], [81.40462529801914, 16.336781856097844], [81.40324208225633, 16.346030427362393], [81.39074011096739, 16.35248445159624], [81.4013701245317, 16.360451024894928], [81.4093008940211, 16.35604355906304], [81.4085577257585, 16.38138698492145], [81.4000934757334, 16.377340409832073], [81.38197257357547, 16.359338487980892], [81.36808491788469, 16.355988031322624], [81.34741601873435, 16.365692344825902], [81.3308591626203, 16.364475933517554], [81.31197510027073, 16.359189608813438], [81.30396478304834, 16.34873531108576], [81.31543912961217, 16.33839202567151], [81.28714491480605, 16.32396611944091], [81.25834339423233, 16.31899806121163], [81.24562900217677, 16.301419236208858], [81.26562078107423, 16.294212362510564], [81.26316774709392, 16.278871681183205], [81.26604855619598, 16.267493469448084], [81.22263007921487, 16.226911329194536], [81.2115459646746, 16.204866597715352], [81.21050672700392, 16.193249830915022], [81.19990374706032, 16.163600568011873], [81.18489829432087, 16.084368456639027], [81.18102935781866, 16.07580692874683], [81.16100501986585, 16.05018111846391], [81.14758255199325, 16.01917921135157], [81.14770802180783, 15.99288584060912], [81.15285244158696, 15.974766278441052], [81.14301857264905, 15.974533411587743], [81.12942483968465, 15.982397200470473], [81.11367921702231, 16.003181488934615], [81.10361620352501, 15.999083369202197], [81.13972421480071, 15.961205302382837], [81.10262238431562, 15.936343151415372], [81.07937557672153, 15.923719196983427], [81.06310308623847, 15.908206907922533], [81.04529579386588, 15.897165591219107], [81.03437454924608, 15.879650182809712], [81.01285482758828, 15.853300947081095], [80.99603808269143, 15.824328476178266], [81.00008107578105, 15.800037127611404], [81.01162572144995, 15.775640312850214], [81.00714198951124, 15.762524543472978], [80.99093084268429, 15.77827164282212], [80.94916188421365, 15.811322268507922], [80.93999437963697, 15.807177021602342], [80.95949418890575, 15.79402967882669], [80.9662982985277, 15.783921579617243], [80.98902723691748, 15.765283605054378], [80.98715140941005, 15.755434671572857], [80.96013530120325, 15.735808435610863], [80.94549583386572, 15.728157873287273], [80.93791289966066, 15.729297302628481], [80.90983402931704, 15.754693204827618], [80.89492572494231, 15.7723647328462], [80.88729933369734, 15.788996563640524], [80.87434218404462, 15.806965697109263], [80.87153446734186, 15.820441022635123], [80.86086536114755, 15.812218120070213], [80.87605172420774, 15.793919461514008], [80.89155226362612, 15.760869794505481], [80.91122449451484, 15.741034205364315], [80.91501851389336, 15.727257868655784], [80.87833806794754, 15.722317466378001], [80.8612193343049, 15.716756164065771], [80.8505747742065, 15.707674514167536], [80.83874488426903, 15.706641528583702], [80.82388921271706, 15.71339130026837], [80.81069612412688, 15.712847273383034], [80.80391797343577, 15.719917101193289], [80.8073944430991, 15.733923747982658], [80.80419912309111, 15.744847320047825], [80.81480895586867, 15.757617445788526], [80.81230682430055, 15.770207721509166], [80.81289574983902, 15.794705718094463], [80.81588631400223, 15.809358473814541], [80.8077412918272, 15.835502235140098], [80.78166893127622, 15.863223010733407], [80.75587284425643, 15.880164577932987], [80.73054240910494, 15.886190161546779], [80.69138958206361, 15.883369344419748], [80.6687097196779, 15.879073643633774], [80.64069635775076, 15.878396402871772], [80.60548736544962, 15.86759461250142], [80.57910180610355, 15.866526874415797], [80.54084273160686, 15.851416313412187], [80.54715793469097, 15.861418441008311], [80.51243414282152, 15.858019604421258], [80.52123289478232, 15.845943448631317], [80.48825763857923, 15.82730557479249], [80.43345164098048, 15.804374758388462], [80.3925331794627, 15.78355042581154], [80.3597078195603, 15.76377486102109], [80.34516706720643, 15.752167118018122], [80.32050636167929, 15.723897555427868], [80.31084397456982, 15.716843032280167], [80.28755984690946, 15.689591393428088], [80.27745331341976, 15.682073124974806], [80.25976595373584, 15.650304391134796], [80.2516898547031, 15.639944425994486], [80.23957525289563, 15.614145762417024], [80.23370219340154, 15.58415588488623], [80.22348285974624, 15.547127079351299], [80.2067699334857, 15.547395785087474], [80.19567038837778, 15.558631198870785], [80.17548848110857, 15.573256469510511], [80.16911739325315, 15.56134586901669], [80.13565615510754, 15.558503514925349], [80.14031663890182, 15.550126786921737], [80.17143809469235, 15.553103029381361], [80.185550313796, 15.55970013035676], [80.19089234970221, 15.55138468665399], [80.21279096383199, 15.535248541487022], [80.21194042730895, 15.519094508804585], [80.20417747670922, 15.499845880183273], [80.2101468742789, 15.495086425098464], [80.20236341643857, 15.484695241791997], [80.19669400572383, 15.46254761617962], [80.18421874969562, 15.449680266531118], [80.15361287703269, 15.405911455948967], [80.1304922910864, 15.38048743734538], [80.10905020520289, 15.346249702062153], [80.0999276874129, 15.325929148111754], [80.09108701895082, 15.2911464650374], [80.08388106525899, 15.277853277406848], [80.07963222994351, 15.257454503122858], [80.08237544726916, 15.23333701868853], [80.08729220816895, 15.215894558786886], [80.08376246266755, 15.195298165677855], [80.07129734109947, 15.193320654524655], [80.07365588511107, 15.18185893084501], [80.06499852456233, 15.163664922797977], [80.05914210162672, 15.13667132552132], [80.05104069117499, 15.112681896452386], [80.04674860206637, 15.073729998640601], [80.04566706028663, 15.049600531639271], [80.04807356424368, 15.022269891842086], [80.0534607677003, 14.999944635736426], [80.06319304202532, 14.987021789823814], [80.07393226026568, 14.924980507144767], [80.08578860466042, 14.876153812248674], [80.09329144164678, 14.826868745496256], [80.07524269029796, 14.817161377895331], [80.07681492916572, 14.809042804781654], [80.09075428508226, 14.800680479420635], [80.09587644754009, 14.779618213210028], [80.11403880124976, 14.733231270207], [80.1301459639651, 14.713834741779976], [80.13372576932886, 14.69542330104457], [80.12040024837285, 14.690172766659884], [80.1291059142066, 14.681804491384241], [80.13917035672665, 14.69385519186369], [80.14536865603873, 14.691232746294247], [80.15412037075856, 14.671058091158045], [80.15974937223581, 14.636212851242135], [80.17159217643785, 14.605971632984506], [80.18191970572991, 14.595837440845287], [80.18029597348044, 14.58307980578843], [80.1471646759091, 14.567974617334755], [80.11806412176185, 14.5476831411641], [80.10733969017463, 14.54441443018186], [80.0934592236643, 14.534388302378318], [80.11557175503253, 14.529858242763737], [80.13037190873666, 14.545805462851888], [80.14321448925733, 14.555542854319299], [80.17062065322062, 14.56670026990156], [80.1946461226205, 14.563918059770685], [80.19077184504465, 14.550293644636042], [80.18698610932154, 14.513749364141916], [80.18174962684384, 14.479800252779512], [80.17912077630285, 14.441440212296015], [80.17289312671647, 14.374264260287418], [80.17299117800053, 14.346551382540326], [80.15148486613373, 14.299399176730674], [80.14405543990671, 14.266823094510244], [80.14587591953813, 14.254254924125519], [80.13745095729593, 14.24727575787], [80.13748525114346, 14.237295840830427], [80.12880197123405, 14.18432120376059], [80.12887371105296, 14.149051434376247], [80.14546791691089, 14.055974582061367], [80.15369178714633, 14.024283546048878], [80.14406892524079, 14.017501331321455], [80.15896824448896, 13.99299327671838], [80.16939500227761, 13.992372849727303], [80.2001251846296, 13.913325190205398], [80.21635145715408, 13.874286675989367], [80.23920072033701, 13.826200056587368], [80.23854906708584, 13.808035847576377], [80.24496765803104, 13.805181453361456], [80.24946577552515, 13.788387038630958], [80.24816285573127, 13.758614575802085], [80.23977795738688, 13.716259773769593], [80.23552105335398, 13.683372220351714], [80.23675674252968, 13.655791516865065], [80.24439790064264, 13.61897058422511], [80.25602082330244, 13.589832506764822], [80.269692968156, 13.563152697339149], [80.26487735220809, 13.560419824015696], [80.2534223932289, 13.505808882174222], [80.24180669752116, 13.467971637381197], [80.2254556359689, 13.48346295515131], [80.17968402439828, 13.4879326990349], [80.14773287657107, 13.494428694628596], [80.14692242373093, 13.503605629496235], [80.11327744869538, 13.508093798689913], [80.11076408279627, 13.491942858775985], [80.08046588709107, 13.491108165609432], [80.08000168313123, 13.525650778260854], [80.08955066842867, 13.53704442685887], [80.08526886396697, 13.546956761645276], [80.06347141727213, 13.543509796040325], [80.05792570830488, 13.534987966021845], [80.03002967552914, 13.538075951943654], [80.0201614722742, 13.545279825503599], [80.00212545712418, 13.53964147557366], [80.00264434166309, 13.52299270604857], [80.0187127274105, 13.527996049178398], [80.03160505662811, 13.514637999743968], [80.04952027933746, 13.512370005771174], [80.04859967123787, 13.497518647367713], [80.01841009295151, 13.50074309821548], [79.98595945176731, 13.480450547354906], [79.97439714251419, 13.464213977593033], [79.97359318547717, 13.440622723360036], [79.9758207513267, 13.430895612942209], [79.96344884718661, 13.421090989957293], [79.94851335810506, 13.422500943463831], [79.9450508926846, 13.417310874996929], [79.94823083698361, 13.397822430460849], [79.96291859701569, 13.394975486229782], [79.96622923888833, 13.387133731636482], [79.95266480403751, 13.37113704254051], [79.9381989688074, 13.348961321208037], [79.92333240826406, 13.356682533372293], [79.91653553548662, 13.346246634874376], [79.8832166069609, 13.324700759132782], [79.87151167872105, 13.326648760831688], [79.86382921204853, 13.316337437322943], [79.83666772843299, 13.315169331299671], [79.8128925079829, 13.317120946474574], [79.79988566898851, 13.297431681526916], [79.79241834802838, 13.294862823860285], [79.76661299889082, 13.315494227576607], [79.7587340321499, 13.29271879963295], [79.73385131548588, 13.284914086316064], [79.73436587518506, 13.278420984740706], [79.76543818842174, 13.256537589837933], [79.79598244223598, 13.241030412523571], [79.79598830941302, 13.230805890679335], [79.78630814450531, 13.230386313777387], [79.75710669901503, 13.207746625006791], [79.75098470717853, 13.211077567275936], [79.74518928975397, 13.227734384834037], [79.73120631312094, 13.235327937334489], [79.7283615749268, 13.227143994299922], [79.71229260012348, 13.215404825272515], [79.70206719694363, 13.223942915932867], [79.70836326515263, 13.236461557954613], [79.70452722854884, 13.251191612203172], [79.69327853987278, 13.241022527267887], [79.68368863991884, 13.248455707265123], [79.68633242460174, 13.259629121786588], [79.69686839875766, 13.269297079296848], [79.69184577146524, 13.281916257429373], [79.6810195123407, 13.294477708079796], [79.67506864350315, 13.280694294606064], [79.66587088663215, 13.287099354351767], [79.64498859185011, 13.286025133952819], [79.642041549478, 13.273358334919294], [79.63322574457248, 13.271428321459894], [79.61356555380735, 13.280166084996893], [79.6011170103418, 13.272817928704512], [79.59786845136802, 13.25952004391496], [79.5777833992845, 13.261766731149748], [79.56716534580414, 13.271512079818706], [79.55376513795079, 13.29120934693384], [79.54805862210776, 13.323295039634445], [79.5349739386964, 13.328121171355008], [79.51004370275473, 13.326957443231493], [79.49146109405433, 13.333553429946903], [79.46679960881494, 13.336349131707095], [79.4294289637757, 13.33391683789182], [79.38667823071586, 13.31492465814648], [79.39773190950007, 13.306620757242229], [79.41757599453655, 13.297386754994818], [79.43394546071448, 13.298678046554642], [79.43122250241663, 13.278377917107264], [79.42451093393254, 13.269537050794327], [79.41956980410322, 13.24970547352882], [79.42312485742627, 13.224245410097637], [79.44838839380941, 13.241943434841687], [79.45781585821533, 13.228940873922227], [79.43393472730588, 13.220650000597118], [79.43292816200511, 13.196596612643589], [79.41021276290871, 13.198510047101024], [79.39665726192317, 13.196788797764839], [79.38127810400135, 13.188307902188], [79.38307866185085, 13.180645574933408], [79.37351374326471, 13.168091496925115], [79.36004400252875, 13.17504052599952], [79.35907418712407, 13.14691314442615], [79.36243421526689, 13.137524119742409], [79.32903830477403, 13.131372443983139], [79.32026522216233, 13.10892806277991], [79.30978194288241, 13.10935821031319], [79.311060508136, 13.126805313414536], [79.29719346670521, 13.134789756242299], [79.28608972086397, 13.13280536887271], [79.28350715842868, 13.149944845378343], [79.26866731044805, 13.148395615665208], [79.25938808579156, 13.1598997288894], [79.2555102055316, 13.145172942777151], [79.24889198307864, 13.138567969136489], [79.23852719667286, 13.146397738464884], [79.22680178187682, 13.139429303819384], [79.23461775560497, 13.127827394718565], [79.22647732356967, 13.108653280324688], [79.21963596312924, 13.103248970863376], [79.20549170567773, 13.101468480486062], [79.19287225055399, 13.07881805560885], [79.18163334650177, 13.064782854445241], [79.18878114733212, 13.050075689741334], [79.18285647664516, 13.02749282643282], [79.16497560713862, 13.019080774857912], [79.15387401427438, 13.021578786631721], [79.13144807187109, 13.034266815960848], [79.11653967936275, 13.035880895786761], [79.09493580993973, 13.024095093313974], [79.08118017652396, 13.025744383396614], [79.06605467058665, 13.039705134184658], [79.06532076354245, 13.049527335318317], [79.03787775795223, 13.061039293328747], [79.0348111992775, 13.06784366915008], [79.01229707385096, 13.069271312321234], [78.99360755554432, 13.087536294864151], [78.97479011677052, 13.082856087138737], [78.97103306402477, 13.076733117739252], [78.95767438056828, 13.074775440234419], [78.9484380382849, 13.081211858440554], [78.94188889006028, 13.077248419379089], [78.92615727254014, 13.078959238378218], [78.92047072434451, 13.061670456426498], [78.91269911147486, 13.063278483814997], [78.90525269615506, 13.046277771801783], [78.91621802284351, 13.042264780994913], [78.9292322057018, 13.043793384756952], [78.93932997619748, 13.03474108962962], [78.89373250125396, 13.03095570374279], [78.89115553080319, 13.036668822408274], [78.89211404262903, 13.08071855781526], [78.89521928384295, 13.093100318524932], [78.87639310905479, 13.095753470546299], [78.87003742838465, 13.082143214337918], [78.84390518107932, 13.080610621183268], [78.81243552487962, 13.086484249048908], [78.7890920851317, 13.064076823686491], [78.75103847064895, 13.056335216696937], [78.7369514487504, 13.063589593485005], [78.71386947609551, 13.066906137608214], [78.70525062811407, 13.015180362983415], [78.66250047241891, 13.02861371625005], [78.65311257278705, 13.012298880289165], [78.63190334836088, 12.993180352990919], [78.63166079670845, 12.984568320971277], [78.64939648685845, 12.965138230744799], [78.64046008106794, 12.963824691756145], [78.65827577940377, 12.929807014282346], [78.63628277692868, 12.924928093256938], [78.61753413089548, 12.884454895077397], [78.6160195916309, 12.868211485971358], [78.6031500170597, 12.849308553147239], [78.60933034791731, 12.82187974245619], [78.599863787284, 12.815572116160297], [78.60144791428985, 12.803260733695936], [78.59419786683816, 12.796119363917569], [78.59177438637886, 12.778047866915585], [78.56981510848055, 12.76242637857456], [78.55736674937606, 12.739383307893377], [78.56565483120556, 12.736858164472778], [78.55724924036019, 12.718175386584846], [78.56402419755875, 12.707910781957082], [78.55313273398855, 12.695822600432734], [78.53613161997833, 12.690472915792498], [78.52766325105824, 12.71425800899999], [78.5059383886458, 12.741035645778481], [78.49123223028323, 12.740651057900038], [78.50527227879269, 12.721850773694314], [78.52071547384008, 12.715618412559763], [78.50467984499892, 12.704395937322715], [78.50516827219803, 12.680310614443329], [78.50027642701554, 12.674055787344741], [78.48575721882065, 12.669873035112516], [78.46933013757587, 12.672908025784807], [78.47135701701279, 12.628113595965715], [78.43658953427962, 12.625527379584923], [78.4299918955096, 12.631244356341995], [78.41144205090995, 12.623896611039811], [78.37990896282844, 12.622343222861502], [78.37210371081767, 12.62560161412324], [78.34083772138376, 12.648811958704982], [78.33379122558466, 12.647583714117161], [78.32013789095095, 12.660344692853357], [78.30177766121017, 12.663211176654556], [78.29546756987253, 12.67788924289431], [78.27562732853846, 12.702045917085456], [78.25020795763118, 12.702534450404585], [78.23856646397121, 12.699404034468671], [78.23924416338747, 12.683993332826105], [78.21120415185021, 12.685716148781296], [78.20052500382593, 12.693605325525425], [78.20577105778813, 12.705319782981633], [78.23141814692997, 12.713389977965164], [78.23995665847309, 12.730295277305231], [78.23028310807905, 12.757078680536722], [78.23164341001541, 12.762635916114675], [78.24049916910144, 12.772063550492533], [78.25280500005078, 12.822357819357933], [78.2519743826117, 12.857411662418315], [78.26471612215136, 12.859609748491152], [78.273543653317, 12.866620774129444], [78.28663614554176, 12.859227988980535], [78.31410571890387, 12.857328527289724], [78.31505150082614, 12.875869906570983], [78.33260000518612, 12.873003613426079], [78.33242236210236, 12.881800790673992], [78.32189726075006, 12.883941403772837], [78.32741681473425, 12.902718704904373], [78.33815860683427, 12.89936237207587], [78.34929722568648, 12.916633760239904], [78.35171062204762, 12.935043517444399], [78.35638346792274, 12.938195959575921], [78.37972154861063, 12.91198929427054], [78.38942014152639, 12.905432705055318], [78.39947369415574, 12.915764366732162], [78.41405825428507, 12.901612456949351], [78.42850919944004, 12.899354088420466], [78.43758849761116, 12.912395050391297], [78.44701390796553, 12.911017003032327], [78.44971963525302, 12.890119560969026], [78.46823515992475, 12.876494627824854], [78.46736741757235, 12.903159915897447], [78.43709060954404, 12.927450722173148], [78.4280996319925, 12.93049662521912], [78.42118040555135, 12.91680358551713], [78.41214294114388, 12.94300630909396], [78.42165498229167, 12.947989275384828], [78.43489225547324, 12.964657057477268], [78.43367637836224, 12.978856183466121], [78.44464453611653, 12.979056831207856], [78.46903096190943, 12.973570821935937], [78.47252368591944, 12.989443981054933], [78.46647789453925, 13.000391657648947], [78.46136508772867, 13.025133692466], [78.4625562271882, 13.041777514820524], [78.47205256887099, 13.042272786759725], [78.47805140664718, 13.05164296974732], [78.49894477568091, 13.060028244008322], [78.5156334598164, 13.063097828002412], [78.50957576590895, 13.080091625128432], [78.51291808819929, 13.091952160363974], [78.52482134482926, 13.095003078928983], [78.52719788877158, 13.111127603955822], [78.51970887616375, 13.12985824736029], [78.53237926798886, 13.139335719467908], [78.54642983227097, 13.14105037137756], [78.54367540489608, 13.152386334761616], [78.54972898710315, 13.161865947255706], [78.56904818192811, 13.162671094095742], [78.58007119293126, 13.16683279409824], [78.57664993084967, 13.182075820742568], [78.56417108023123, 13.199526493253131], [78.57959179312678, 13.21455022561247], [78.56807387530915, 13.222288482627448], [78.5707437106538, 13.243628110548912], [78.58300825462732, 13.258850977090958], [78.58829522414533, 13.272301167464946], [78.57796523430818, 13.281983849575056], [78.57084753108876, 13.303520419132099], [78.55793859499022, 13.282847261691813], [78.53946774593976, 13.285994249435134], [78.53153449432153, 13.265730501161727], [78.52267880088601, 13.270060600116665], [78.5118305533374, 13.28726776589474], [78.48076371427408, 13.303891297745224], [78.4769359397419, 13.320065682085612], [78.44647849388741, 13.308261479483747], [78.43951424378736, 13.326978086269719], [78.42568095301363, 13.326979181643992], [78.40165820046565, 13.313513147014191], [78.39326904023409, 13.32385824276372], [78.37732504781275, 13.32978709260027], [78.37822340758424, 13.338223747827726], [78.40558500384492, 13.33237170728853], [78.40772912879629, 13.342120655943575], [78.39399330744521, 13.352105990499126], [78.37846282599867, 13.358026574666724], [78.36666882890341, 13.356406323692909], [78.36539172864542, 13.36474417580314], [78.37892416651715, 13.389490970731742], [78.38148362716771, 13.400665750424082], [78.37545684385833, 13.434010812349186], [78.37266158186657, 13.461652516850222], [78.37736211247159, 13.476420553066134], [78.37732324017543, 13.50472502104293], [78.38310674068362, 13.521783743824756], [78.3954797240101, 13.54120256464671], [78.39599294012214, 13.55347291374403], [78.40774912522198, 13.575709360898315], [78.40070409441847, 13.587593179581631], [78.3902392188649, 13.590779092681032], [78.3535120693266, 13.58717717478686], [78.32225301636367, 13.59282481831076], [78.30157775181186, 13.588111955302566], [78.27507008701497, 13.587456732642124], [78.25932871544791, 13.583509048803592], [78.23727743150829, 13.596366808981088], [78.23220121451448, 13.586240631599935], [78.21806219561387, 13.590997439080581], [78.21195834939834, 13.577097415913045], [78.1985574247854, 13.565492596606077], [78.1896499735675, 13.57325104519964], [78.1889552266025, 13.58800779402452], [78.20322133050007, 13.60397562567465], [78.20340599818832, 13.62520973074453], [78.1952966170453, 13.630205563635911], [78.1699260577414, 13.63241034606068], [78.16834783298617, 13.6541162219861], [78.15548652678183, 13.658575653343803], [78.11659211003791, 13.655935433573461], [78.08992243597169, 13.644139096442188], [78.08917100923475, 13.659176979633969], [78.07497527998527, 13.673233334650718], [78.07312219453371, 13.696895431179257], [78.09428411641892, 13.689392248853267], [78.11454637001901, 13.693198273281723], [78.11851962338199, 13.718998689637885], [78.09395500951615, 13.742193415693635], [78.10435843619291, 13.758991735280404], [78.12005932028148, 13.770467124158529], [78.12727887531992, 13.785616731926666], [78.11665027369122, 13.812264166657997], [78.12624162874823, 13.830440434678394], [78.12246912744831, 13.849519681388244], [78.1149454369824, 13.862142508969669], [78.0837458112203, 13.863461026605137], [78.07971885304266, 13.880471809226663], [78.04984970949653, 13.895154234480401], [78.05166139285905, 13.872249854547192], [78.04658126561299, 13.861318887356788], [78.02430091805297, 13.862804155487424], [78.01344456401546, 13.870107650547709], [77.99378302156924, 13.870026151285913], [77.98987195092985, 13.857164006913422], [77.97442192193421, 13.82853284221693], [77.95672939474582, 13.83313387093142], [77.95033182365478, 13.8793129266503], [77.95802914353021, 13.892727905868185], [77.98015798500307, 13.896887644449293], [77.9865771479171, 13.901654161910074], [77.98201112891053, 13.932495268441926], [77.98706915261937, 13.95589400300588], [77.96970652463648, 13.958173416569991], [77.95919805804402, 13.936147766006627], [77.94727056288622, 13.932813397320501], [77.93814576801282, 13.9170056018271], [77.92823317422165, 13.9068874275128], [77.92000883454011, 13.905418190696992], [77.89801361073961, 13.919466451815367], [77.89528394439856, 13.939266417011595], [77.87067410002976, 13.934847725841905], [77.83827383257136, 13.935133263289515], [77.8223351092779, 13.938951062541548], [77.8144651528446, 13.925506161979854], [77.81922486963208, 13.902694452686887], [77.82917249831223, 13.89725042466739], [77.83548986786315, 13.879646401560251], [77.83597135229616, 13.868679626963285], [77.81902061201168, 13.860149682362021], [77.81099125614162, 13.848707314790772], [77.79455216085358, 13.847930178235174], [77.78225225823519, 13.839723954496947], [77.7884756998937, 13.8280341240756], [77.7773853251727, 13.81654843796008], [77.73651936697524, 13.809677514106056], [77.72092956444789, 13.798444128293909], [77.72231497095919, 13.768752441671893], [77.71915819049815, 13.745692846847476], [77.71032961611894, 13.738958167585395], [77.70360353797298, 13.769349746193882], [77.67652108857743, 13.760166857814284], [77.67820932649926, 13.78535414068108], [77.65702154550797, 13.78366320029653], [77.62222418999443, 13.768080211932272], [77.62053358685563, 13.754653297811501], [77.64168706500612, 13.749118657699967], [77.6447110093057, 13.743081664387375], [77.62356448021666, 13.736167082045256], [77.61212472697463, 13.750329411373286], [77.6034425253523, 13.75133590562757], [77.58937782372766, 13.738311156634609], [77.57441349158944, 13.737106953623083], [77.56385893294345, 13.724170977608594], [77.55589207545898, 13.728102597756731], [77.5471902587235, 13.751378997542758], [77.52730512952814, 13.751463655223574], [77.52276097034257, 13.744647738402477], [77.53427099391132, 13.732890137769687], [77.53554835856994, 13.714696712483317], [77.52926027903868, 13.695553360299414], [77.51565320822903, 13.696456182506893], [77.51043746681569, 13.712036764285301], [77.49495238314603, 13.71438703543339], [77.48732320400273, 13.710798257533611], [77.49276699639984, 13.694305795576042], [77.48411400205958, 13.68521044810376], [77.4573005048145, 13.683351115061953], [77.45233456269, 13.703287936389188], [77.46436203098301, 13.720174090062244], [77.46560136960755, 13.737846612731062], [77.47010790385673, 13.751092862045994], [77.46619512270678, 13.757308288047113], [77.45817177880463, 13.79297248029576], [77.46297874057649, 13.8072477968484], [77.44790743408089, 13.809705617020654], [77.4360000936295, 13.79540563386297], [77.42416565402175, 13.798317882364415], [77.41591594176737, 13.806602518891168], [77.42000890748517, 13.819103462255043], [77.4319767705116, 13.8340446665282], [77.43177066208642, 13.84247648430238], [77.41112855373984, 13.83873171809438], [77.3799722096498, 13.838545794952552], [77.38023363447473, 13.845440217192333], [77.36652952771561, 13.852884044263305], [77.35924690502071, 13.851586263195543], [77.33424232662213, 13.831975631370312], [77.32697791789667, 13.83292167949196], [77.32309166854571, 13.84687642370801], [77.31381231348752, 13.864352340188418], [77.29236446115101, 13.853115445221647], [77.2571943465419, 13.846502881302968], [77.25977442594905, 13.863140357141845], [77.25045232971132, 13.867292277017043], [77.24548059955009, 13.888479720762575], [77.24674938107916, 13.901039213588888], [77.23208066059408, 13.902400038031374], [77.22361382052145, 13.876199839750825], [77.21542957081812, 13.885350655608306], [77.19927829365838, 13.863126712627718], [77.18163538476523, 13.868279341418543], [77.18868501470172, 13.90814525350072], [77.18345347220003, 13.924225946470301], [77.1659440784565, 13.915261290276362], [77.16234029716702, 13.906609815790432], [77.17138630693256, 13.873071150513226], [77.16895946750549, 13.863840080955015], [77.14578915624463, 13.865851117934767], [77.13165510340036, 13.849821833810608], [77.15222663924806, 13.841793603891745], [77.16440306045291, 13.832347000113998], [77.16848146884479, 13.822354937730267], [77.1606300402442, 13.807459340776006], [77.16505078006952, 13.794017865731973], [77.1779679638505, 13.779002543832405], [77.17322236911707, 13.76163280670869], [77.14407040792304, 13.762569703329177], [77.13003107347532, 13.757781099418253], [77.1016722010113, 13.767719791535228], [77.08675727942494, 13.760235611884013], [77.08700311270354, 13.744224164913305], [77.06637145178115, 13.74565308781979], [77.04140983309736, 13.776003245453467], [77.02604730543885, 13.776554125172765], [77.01762466074956, 13.739434905396593], [76.9987329919341, 13.749223947627115], [76.99825856897786, 13.756181779265773], [76.98726520142799, 13.792413776474632], [76.99182734615516, 13.799620690642428], [76.98974806951787, 13.810793150983159], [76.97479538000283, 13.816813508636585], [76.97750988017691, 13.825437716577426], [76.98997002759478, 13.834320369889213], [76.99222839342565, 13.845800196921573], [77.00012229430848, 13.845546914558497], [77.01201161774202, 13.856686519966956], [77.02325936033128, 13.899941655782811], [77.0473345136769, 13.904012735599338], [77.04184539634804, 13.932174890358965], [77.02454503562495, 13.941320134916339], [77.01398610627382, 13.953877984681299], [76.99482252114251, 13.963154319816056], [77.00016564432906, 13.98794086028255], [76.98089997535362, 14.00298551267133], [76.95419403342794, 14.013124310238766], [76.94635027154783, 14.026920772875428], [76.9366454274446, 14.029034176086384], [76.94349646638886, 14.053889167551063], [76.97715102909677, 14.058730108407815], [76.98062902850694, 14.071603767699742], [76.97366666518451, 14.086042642154268], [76.95695627051555, 14.09164121147279], [76.94838210624926, 14.11812586891375], [76.92779630265727, 14.135222861445925], [76.91786741315065, 14.128283521667242], [76.8889351014738, 14.137144490525884], [76.89667266421213, 14.165096122088414], [76.90200806581964, 14.168003409030177], [76.92249932818152, 14.163815166436848], [76.92829851466479, 14.169539952906575], [76.94235422576696, 14.172051600201257], [76.94700256781431, 14.195456069741851], [76.9639225566807, 14.181698556743072], [76.99177664687483, 14.178766102273869], [77.01161657614415, 14.181116430079214], [77.0254420518093, 14.17899317299657], [77.01945942970895, 14.13373401851021], [77.0222792324007, 14.112446519791092], [77.0161281169191, 14.098415346690956], [77.02974185350377, 14.08975872718355], [77.02600743039864, 14.067848124191642], [77.0294884569268, 14.05968739535706], [77.07496025521169, 14.053683318130652], [77.07547129046776, 14.045956809858922], [77.09675855176579, 14.044810196733238], [77.12718775710937, 14.048776452471373], [77.13397884994401, 14.025272650112754], [77.1402069491914, 14.016322280548877], [77.14053028244666, 14.004799783383362], [77.16068516328971, 13.997314498465357], [77.17767270742956, 14.015315623517267], [77.20092162663184, 14.009620216100132], [77.22527230527271, 14.014707971395808], [77.24906436372947, 14.013148939971643], [77.26226946816149, 14.02781595084548], [77.27805501622606, 14.034978672327895], [77.28509229307491, 14.01380408349172], [77.29890738876503, 14.021417696269737], [77.31019074900394, 14.033655092408651], [77.32016207751792, 14.031769143930887], [77.32370631739269, 14.022277244898987], [77.34025680900459, 13.995067829217021], [77.36060853795374, 13.98938002916509], [77.35058677366072, 13.95797077413198], [77.36952014763676, 13.949420179297874], [77.34951933954596, 13.919355613071161], [77.35527660772931, 13.90367873638462], [77.39748039470453, 13.904911926344369], [77.40417233278697, 13.88778405019383], [77.4261145406536, 13.902181285138226], [77.43455934823538, 13.9164951763114], [77.41725722394176, 13.921833296569446], [77.41475462652483, 13.943305333474427], [77.43579086725475, 13.950579341563412], [77.43770329627017, 13.975990202186154], [77.42751520056612, 13.984054811480405], [77.39345917959753, 13.981127129713343], [77.38258677535947, 13.976227089009], [77.38009834945933, 13.98880645055732], [77.39025715424435, 14.014449914531951], [77.36915432231416, 14.023035796964507], [77.3568786816059, 14.023476937810472], [77.3329035283752, 14.029908740695873], [77.34465882404555, 14.060792025431681], [77.35685388819644, 14.06035942095059], [77.36810644755457, 14.072935928050697], [77.3791388609697, 14.078852075862642], [77.38641353185909, 14.097375536152128], [77.40222978097967, 14.110442108116843], [77.39648948210396, 14.125551151964146], [77.35910542817305, 14.112281328720371], [77.35435716155382, 14.131237522094011], [77.38336618630052, 14.136539660477013], [77.38930871212744, 14.154651056800901], [77.39625165459023, 14.160481700670005], [77.39638856647923, 14.172188190132943], [77.41644229967244, 14.176679311800854], [77.43024867373737, 14.172063118718029], [77.47019665255351, 14.171284786064064], [77.49550873883726, 14.16019479805152], [77.50743943288359, 14.158092852203424], [77.517335459364, 14.179149083963125], [77.51110077348199, 14.18776496687974], [77.50662360569493, 14.211547523999059], [77.49997269918077, 14.221024675948058], [77.49694494895027, 14.234662067400564], [77.50314589136985, 14.247432494414113], [77.5062088932259, 14.267526370645555], [77.50308030651098, 14.278741020881455], [77.49116972670157, 14.282225824562204], [77.4858826195873, 14.290682398873685], [77.46140053470697, 14.279110144017977], [77.45028438091953, 14.284437549753193], [77.44896690739694, 14.31660255456427], [77.4341194223735, 14.311686590463808], [77.43242274791152, 14.327622998902314], [77.40134973410301, 14.33590584308024], [77.38526950788156, 14.323822293064438], [77.3802984908827, 14.311857337546144], [77.38146198698115, 14.301942738266803], [77.39640752778524, 14.268205105181494], [77.40759368839804, 14.267242596768483], [77.41569171290229, 14.230476692745242], [77.42138219743055, 14.223974329052112], [77.42157171246464, 14.210149503596767], [77.3978719037654, 14.197785178043603], [77.39041207775523, 14.198709449081832], [77.38319309198766, 14.223557913267143], [77.36189780244166, 14.236835638853677], [77.36571997869413, 14.250398351502781], [77.36570283222, 14.276089876146898], [77.30171769551526, 14.28310964589349], [77.28582021063426, 14.282700454362555], [77.28887658628548, 14.30888643705947], [77.28730108287874, 14.337669862374298], [77.26394743312761, 14.332221471743594], [77.25116959749897, 14.321049193065846], [77.23801297282051, 14.317570343796376], [77.22893293180942, 14.321454169474407], [77.20228442688483, 14.320736051827396], [77.1853863814764, 14.332763068660768], [77.17004394017573, 14.336825925076425], [77.15792010862617, 14.34408094218179], [77.13764444163775, 14.336903855828325], [77.13668127761895, 14.320132867537836], [77.1315260812637, 14.307862118242213], [77.11765045670325, 14.293849482867415], [77.1126785862478, 14.268103900874394], [77.12129546111669, 14.26318460208779], [77.11577033043648, 14.227855426187034], [77.10100219259715, 14.215860241756786], [77.08106533619639, 14.215692715146758], [77.065890776738, 14.230462005916877], [77.05523054145635, 14.245811081516251], [77.03859808563323, 14.246732448643627], [77.00959660529918, 14.237775605759623], [76.98789468998802, 14.244308926815563], [76.95671189683662, 14.240266482312336], [76.94311127416603, 14.246195425678422], [76.93102755597698, 14.270445804730173], [76.93004045110598, 14.278216771886548], [76.95398807429024, 14.29281682014016], [76.95535379644059, 14.300087916224413], [76.94813640247304, 14.311415346840818], [76.92828512465883, 14.315650313711046], [76.90401830869803, 14.32518500068727], [76.88355505122468, 14.357266920731831], [76.88804297580276, 14.396141266406346], [76.90158391946238, 14.400340889020868], [76.91807195135954, 14.419418783150377], [76.94665222881736, 14.40546335455025], [76.94975209928003, 14.414842573925682], [76.94882531913322, 14.450982063271624], [76.96366127844533, 14.451298963676265], [76.97928733534229, 14.476269466762517], [76.9784760596225, 14.484176175789912], [76.95039503899989, 14.488003397239027], [76.91137802217804, 14.489940834601896], [76.89910821986848, 14.486521426922366], [76.88509582820996, 14.476288208633946], [76.8749732283319, 14.474191205459817], [76.86855721844091, 14.480397759648952], [76.85889792050267, 14.504565354307715], [76.84855555959143, 14.514809956214549], [76.80420932669915, 14.533312061202707], [76.79056862843953, 14.558592032696197], [76.78250506056014, 14.584820235865266], [76.76519029809384, 14.601729112708426], [76.77549732014529, 14.679223317502135], [76.78530475531028, 14.695851077964903], [76.78975333814611, 14.712457975954862], [76.80228856726364, 14.73994794414233], [76.79233192647729, 14.75715951569913], [76.78446667080027, 14.784537617217325], [76.81519407154923, 14.786753213989698], [76.83067484476834, 14.792325959275672], [76.83804550569556, 14.790265504549438], [76.84147945721122, 14.809479461607907], [76.85120146307713, 14.807667536327813], [76.84433509069191, 14.835354077428804], [76.85365422726085, 14.844030056641827], [76.8559170977959, 14.867815184922904], [76.8503392974207, 14.895586741634872], [76.86453862935434, 14.896463987123354], [76.86967915416966, 14.942834464439045], [76.86862611999948, 14.969222729845171], [76.8452682857029, 14.96633408315148], [76.83196528646886, 14.956174296306756], [76.81947609724415, 14.968949389902491], [76.80084541168645, 14.968017795684773], [76.76762021500099, 14.974923217532535], [76.76080956730772, 14.988002747828602], [76.76901632524329, 14.994095940675152], [76.77337739055417, 15.005607935557805], [76.78360295561197, 15.010925498213226], [76.78843310190621, 15.02169855254624], [76.7846228389729, 15.039243241082772], [76.77491854165743, 15.05906530531962], [76.77633757292074, 15.070083056188139], [76.80076760504102, 15.095711467310423], [76.82519101905035, 15.079867239381656], [76.84138061542313, 15.077516916972172], [76.86461837134084, 15.06180745514996], [76.88083336726612, 15.033833525796638], [76.89285486226214, 15.036918287648916], [76.91777503658875, 15.03615429558431], [76.95502328929342, 15.029691799736838], [76.9712108334133, 15.018470013380465], [76.98624227835853, 15.015681292157979], [76.98797312076294, 15.025738459162596], [77.00518495402247, 15.034927565454836], [77.02752943133822, 15.033016493516413], [77.05150878440293, 15.034604011865724], [77.05342839720282, 15.029263355519504], [77.04565246219141, 15.010898657946768], [77.08356988154486, 15.005492378070869], [77.08682209176618, 15.027747314387113], [77.09554445261443, 15.03318349941901], [77.1143830533353, 15.03406534853707], [77.12088356712297, 15.045587197291354], [77.1303335838279, 15.073676604991363], [77.13240349942203, 15.099086252428663], [77.15254163129129, 15.112786524478565], [77.15886920904683, 15.125968426401812], [77.15757416821333, 15.137055729938027], [77.14012207837129, 15.14141482123705], [77.14171755482135, 15.154639458044585], [77.16251817407453, 15.154368955462985], [77.16929251523743, 15.173878307437974], [77.16291413567888, 15.199192535906832], [77.14607187881421, 15.223441303373477], [77.12553735546464, 15.226517770778571], [77.12808372738215, 15.238592950804104], [77.13730672912232, 15.239896331050886], [77.14491515281213, 15.256820479281771], [77.16997873752877, 15.256281376184631], [77.15268308655527, 15.276211576702963], [77.15255527040944, 15.290917712582427], [77.11996388262713, 15.295042437858285], [77.1179340408234, 15.324277904701603], [77.11417339258804, 15.332422217311546], [77.07346997425998, 15.324562131836956], [77.06593832749189, 15.326942357603798], [77.06723144827276, 15.342976153626637], [77.04687198875132, 15.35724959329417], [77.04229060662624, 15.363778217190998], [77.04806224597593, 15.388724532111496], [77.0452418398391, 15.39647269695746], [77.03271840892751, 15.406243425393825], [77.03517639907164, 15.423259705571013], [77.03154401484448, 15.440077027832615], [77.01017844597857, 15.453083730130118], [77.00002888082827, 15.47227768356828], [76.98004002382811, 15.486780253406039], [76.97431948305774, 15.495670368392837], [76.97580616492263, 15.511052205395004], [77.00001717255452, 15.504505690385372], [77.00943750353804, 15.507557093684966], [77.03068505527114, 15.504809601881675], [77.03293383073174, 15.52990736443337], [77.02771045677224, 15.581099367142144], [77.03288519719416, 15.602961167523915], [77.03106596672103, 15.634021775184806], [77.07292370446544, 15.645614014774992], [77.08553216897445, 15.657553154354616], [77.10007814189277, 15.64888850300207], [77.12040982945013, 15.629902013267326], [77.12918298310825, 15.663814003313632], [77.10493837050944, 15.68358332051389], [77.07996125111089, 15.695539588581198], [77.08568095191447, 15.699986529254943], [77.08840489407066, 15.713608298584177], [77.08028665370614, 15.715003747824767], [77.08029325203199, 15.726032317537488], [77.05101883734955, 15.729584904919477], [77.04713233708776, 15.7390382338275], [77.05060132079439, 15.755873687320843], [77.06639697364147, 15.78292545364684], [77.07116267002124, 15.800564085364272], [77.06541648058618, 15.802431231716014], [77.06777820729849, 15.82764180252724], [77.03193936221186, 15.830021105589594], [77.02603620510683, 15.836192202208395], [77.03694867054475, 15.8574786936868], [77.05626096667032, 15.88068376734202], [77.0697720483414, 15.903699988763492], [77.08062729711213, 15.914131942834956], [77.10851791327116, 15.92893813278863], [77.13390756428271, 15.934829195810778], [77.14743125984484, 15.945046731721334], [77.1747766997849, 15.950028672785095], [77.18470872972415, 15.954539775590206], [77.20711051993459, 15.954393637556393], [77.24032834757526, 15.957263894013522], [77.25317352353932, 15.962304868375043], [77.26747212623769, 15.955983923119618], [77.286805371171, 15.951981091953883], [77.30462494198753, 15.95514240859535], [77.31922333368993, 15.949849253540265], [77.35815937375617, 15.948428928152566], [77.38083007834547, 15.93800563455244], [77.39734487046945, 15.941552023806878], [77.41233488095003, 15.940454247465595], [77.43115135834859, 15.947112217255096], [77.4718445468884, 15.932481670292873], [77.50224435879016, 15.931251100957581], [77.51440942785285, 15.92583542766289], [77.55388849745623, 15.918709771738634], [77.57675419844753, 15.917396362252362], [77.59360184764722, 15.912100112630128], [77.6115975596797, 15.916853776980247], [77.63098989636666, 15.90429402694781], [77.6449094375206, 15.888339075388046], [77.66430282821301, 15.881768618626893], [77.6889464268362, 15.87917694695858], [77.72160752376828, 15.891892002713803], [77.75522028149084, 15.881261471140022], [77.76564666426219, 15.882186382495604], [77.78455928638203, 15.874734682759424], [77.80488927961665, 15.870793510911824], [77.8396356057986, 15.881014287979042], [77.86148783739384, 15.881298129305264], [77.87276862467235, 15.897928772994533], [77.89355423873718, 15.90148305200131], [77.91348331870023, 15.890494043465367], [77.9342815169785, 15.882155335200594], [77.97896055748379, 15.879834063591204], [77.99977077160389, 15.866749060920483], [78.00803887139688, 15.865011764081714], [78.02313132275242, 15.90090845985759], [78.03497227794833, 15.908453773622796], [78.04604233518569, 15.903887831058626], [78.04694348195619, 15.878025883987391], [78.0551176286757, 15.87659496548531], [78.06998383308746, 15.850473212368911], [78.10755594425149, 15.833898721448861], [78.11600697963848, 15.833175518135704], [78.1333483602387, 15.840933340801087], [78.1322727306021, 15.854927640798053], [78.1711891168843, 15.855042998635554], [78.17717992371456, 15.872474253883752], [78.18800349386623, 15.893676730696598], [78.18652243816007, 15.906449364646505], [78.21193535013634, 15.923083359209727], [78.23445287589954, 15.929520105668416], [78.24946435859334, 15.943102800353984], [78.25493860833018, 15.97432062659567], [78.26631804314326, 16.000721548160982], [78.2579060931917, 16.03161532079048], [78.27470671324426, 16.040704374807092], [78.29879038496836, 16.034486231054757], [78.3228669574442, 16.03517854265567], [78.33779842835486, 16.053119053401645], [78.34709043867286, 16.05880404127356], [78.37675440099486, 16.065910846508416], [78.39098492771228, 16.077901165606363], [78.41243491593866, 16.087044634002723], [78.42775768996546, 16.088964103810383], [78.45787750963939, 16.087196993546456], [78.5025532963976, 16.07933457523052], [78.53987773337076, 16.068643462625744], [78.5539581497489, 16.0625470565015], [78.566214650186, 16.0627366929441], [78.58352914195638, 16.076715220631], [78.61061580017912, 16.102824003724834], [78.62416119368419, 16.10530404794349], [78.64367707743526, 16.097888993782078], [78.66499967489511, 16.077945494089306], [78.67564017455447, 16.06234321526722], [78.69389646155253, 16.046975854652032], [78.72104797528391, 16.03332408843596], [78.74642417963224, 16.02784709756554], [78.78255107936889, 16.030374481197384], [78.81552112220209, 16.052973477444084], [78.8290999489036, 16.068978441202148], [78.84404702664904, 16.094145918299546], [78.84780826933621, 16.10958149249194], [78.84145448803423, 16.126855307926178], [78.83797664510615, 16.148821683274093], [78.83958866728324, 16.158428886184197], [78.85375819208696, 16.166208383410208], [78.86394002311363, 16.16528570866859], [78.87385289389601, 16.15058964519602], [78.88024833719106, 16.116957484600277], [78.89668183419934, 16.105395864227773], [78.90881427226094, 16.104475805614015], [78.91811096355019, 16.112081427915598], [78.92949885738642, 16.128718003533095], [78.9284778435777, 16.14049850989835], [78.91316912235715, 16.17168216909687], [78.91563147691119, 16.19776131952932], [78.93306686274559, 16.20907462269571], [78.9666172326992, 16.223981388330458], [79.00008456465099, 16.23509857004302], [79.0278154693085, 16.251089330808043], [79.0502470684475, 16.25180121705256], [79.07635637404746, 16.245044595231946], [79.13084793898128, 16.24490221006897], [79.17064617078421, 16.22732594993272], [79.18452601316505, 16.224241411112303], [79.21548389216792, 16.23780928946718], [79.23303114467166, 16.257211443153608], [79.2377559659651, 16.307289849546976], [79.23573671008114, 16.343813493298114], [79.23112506397058, 16.357332471016775], [79.21931335202964, 16.36974656685061], [79.22041402778524, 16.400648930703653], [79.22684818959232, 16.444990372907455], [79.23414471490673, 16.45935180314325], [79.24398759505152, 16.46536176553309], [79.24289945674457, 16.477479398955154], [79.2318613020575, 16.49888839878065], [79.23300240233908, 16.514937339386734], [79.23817072429955, 16.52599437623951], [79.26851367026973, 16.553132508958186], [79.27384279371, 16.568170900266864], [79.30288668157516, 16.574078187058717], [79.32756879726224, 16.582631278410815], [79.35336012686844, 16.586356296405995], [79.41063033252391, 16.587318413613957], [79.43452350355687, 16.589430779007273], [79.45109497185553, 16.600628474324708], [79.45852590624565, 16.61606480035033], [79.50516201541473, 16.637458363312874], [79.52010899693272, 16.640621207003164], [79.5447431967412, 16.63856982014113], [79.57166831873798, 16.645108067683225], [79.59366748156907, 16.658402610592077], [79.60798882902128, 16.67032288239517], [79.62491979321396, 16.671715911560113], [79.64139743254555, 16.667985777321803], [79.65617575071036, 16.669136720683184], [79.6636444026671, 16.681218419894208], [79.69119469198148, 16.69752238844751], [79.73093474933927, 16.69980908831883], [79.74200406103864, 16.705228332821378], [79.75869281172396, 16.72732321859172], [79.78312142651271, 16.73674109082873], [79.79160604798079, 16.732085348260284], [79.81856145015087, 16.69783192070662], [79.83424125413063, 16.698842599506406], [79.87019162684214, 16.7056337615889], [79.88167136304304, 16.696152495241506], [79.88904879766392, 16.68365019839797], [79.89933566231105, 16.65710646089451], [79.91052851747713, 16.645427188513963], [79.93212994344219, 16.638373989168315], [79.95106105562326, 16.64028544511723], [79.96665492938155, 16.649711172932314], [79.98152420947474, 16.667181036975308], [80.00001185336441, 16.700180118018068], [80.02517053059557, 16.71946888428164], [80.04125392782657, 16.739401604700333], [80.05639964422824, 16.75279084622065], [80.06007259957084, 16.77887940536033], [80.06612984471661, 16.789457699813056], [80.07812986300286, 16.82115237987847], [80.0502575813224, 16.83353445265294], [80.04279435047897, 16.846560972410998], [80.04149954167059, 16.859862470676546], [80.02221629454641, 16.86032627893468], [80.00001661617398, 16.870579053880306], [80.00337282939262, 16.88462171042363], [80.01786327546984, 16.914541305037233], [80.04537476443392, 16.943739680242118], [80.05417132114962, 16.972537853539166], [80.09258564471179, 16.970492200754506], [80.09600867126323, 16.994699942948046], [80.1141341374805, 16.988621168931843], [80.12850149424861, 16.994130646012536], [80.14223519859559, 16.99270442556883], [80.15082974599602, 17.00880739474553], [80.17555257848875, 17.030948951732796], [80.19047938731393, 17.05224481504621], [80.20264014142941, 17.04984265841199], [80.20395416065605, 17.025417802789434], [80.20966733328089, 17.020537621813844], [80.22625491293394, 17.027043427212448], [80.24068546865954, 17.01237673919519], [80.24959476978285, 17.010287219279803], [80.2706459608425, 17.018122841396064], [80.29750033497254, 16.984399690992973], [80.30992223332447, 16.963517367432587], [80.31643324130113, 16.931544362482384], [80.32188206270706, 16.919752472498658], [80.32786279443246, 16.878773122381745], [80.34596107054705, 16.874953844644267], [80.34360958891148, 16.86363118133403], [80.36733236809437, 16.86283497735235], [80.38167463827398, 16.81912742948731], [80.38813727891232, 16.82755893159947], [80.40296456786058, 16.833200825757558], [80.40788444850853, 16.839610065552108], [80.4084305807068, 16.8577457174909], [80.427412598113, 16.850367504956466], [80.43160763688297, 16.837388052116978], [80.46139234488089, 16.823436366495173], [80.46521856628385, 16.798232547793873], [80.47987039390364, 16.796548194043964], [80.4983990558718, 16.784144667042824], [80.52696989854206, 16.77711023025296], [80.53895579027756, 16.778410890949885], [80.5717187210422, 16.771242562194516], [80.57824334205662, 16.77916392747335], [80.60645369778001, 16.793519709966688], [80.60669594456226, 16.80045324642026], [80.59475091172527, 16.815036980072648], [80.56345065812144, 16.833080061195915], [80.57127988156134, 16.844599082481693], [80.57377597508122, 16.87727014300276], [80.59558695747216, 16.88219096344227], [80.59092292765104, 16.911291344020356], [80.59817000823932, 16.915321130565758], [80.59296133819527, 16.934673930357633], [80.57827123273125, 16.93501855686094], [80.5404785511443, 16.95819350322762], [80.5294285829628, 16.94443373832644], [80.50000341042909, 16.95614857169926], [80.49430603979198, 16.935038021787307], [80.48558834732444, 16.929157652603635], [80.4512052771019, 16.95283076043131], [80.40625285528512, 16.964809536730797], [80.36900460707699, 16.978223941281897], [80.37829724961841, 16.990660910472684], [80.37975955805723, 17.003532101125643], [80.3950712155642, 17.010644051381917], [80.39726961729906, 17.021750064413993], [80.38644204606362, 17.030990359217753], [80.38692215723182, 17.041756099364534], [80.37550563797487, 17.06414171706666], [80.39862897764527, 17.08377691837012], [80.40360934939201, 17.085149628252793], [80.40942152658226, 17.061822737829118], [80.42285630077771, 17.04946852335371], [80.42911199392341, 17.032580290448095], [80.4548544930405, 17.02479401503183], [80.4614849579645, 17.044783798333697], [80.48036333749809, 17.0458668239948], [80.4932712249871, 17.064073859620976], [80.49538274951436, 17.090614688716983], [80.50514270677058, 17.108990741129844], [80.53777708394534, 17.1213728561724], [80.55766000080843, 17.131351343289907], [80.56877597742948, 17.145756753971057], [80.58209610335257, 17.143039009043093], [80.60374182362631, 17.127377745486626], [80.62156058954963, 17.12448004891519], [80.63841659974634, 17.117903264524102], [80.63389523207934, 17.109634200657865], [80.65495191260072, 17.10241517352148], [80.66411475149465, 17.09193956545863], [80.64647733835852, 17.079907483643524], [80.64265003866842, 17.066868884191706], [80.65791551958563, 17.062589664381562], [80.6843851943213, 17.069317468326574], [80.69274092855107, 17.076776981372632], [80.7345019352162, 17.072725719016773], [80.75538905396172, 17.063084815811635], [80.7941264122042, 17.055859372012435], [80.80167423058134, 17.051300331744983], [80.83209261168474, 17.046093570961602], [80.84135671424104, 17.034061067364405], [80.85373817547645, 17.041194992554892], [80.86772206582071, 17.059202666469957], [80.8653112028498, 17.076833846404952], [80.8713961525105, 17.089830757783318], [80.87303906999716, 17.10409193699337], [80.86385718526094, 17.11964171699168], [80.87560629539428, 17.132837104249006], [80.87910216343414, 17.15449908786269], [80.89766017387797, 17.149277562009956], [80.91278778872555, 17.149399182726142], [80.92212595854619, 17.154200440098293], [80.9236690449905, 17.178052873641263], [80.91726151120986, 17.186225126388536], [80.9141234051711, 17.209421884912103], [80.92261729145491, 17.213402876041926], [80.93943795739585, 17.21319539255336], [80.96480539155561, 17.196452378574463], [80.99398158678088, 17.18769509705112], [81.01423814857174, 17.192775660468385], [81.03501020895402, 17.195019316088633], [81.05271181030184, 17.21288114424948], [81.05537941173054, 17.222152437784814], [81.07104742110164, 17.212469140538474], [81.09333742108515, 17.222025339298], [81.12703270689394, 17.233012875643738], [81.1544128471752, 17.240102081146176], [81.17165870538503, 17.24105229582682], [81.18943516719929, 17.263056993085797], [81.1799764189766, 17.275079573563517], [81.18078103072003, 17.313797078372545], [81.19035496860698, 17.330549054095627], [81.19911334010862, 17.335696229397513], [81.2275638768715, 17.33011881213355], [81.26636351316563, 17.331095918341987], [81.27602385161953, 17.32846014841715], [81.29801919682853, 17.34600808350632], [81.31044410790929, 17.36815988646964], [81.33128428294339, 17.39755364928152], [81.33915803451572, 17.400510537431387], [81.3517503211205, 17.393855064159936], [81.35867669717192, 17.37700307303345], [81.38066110752413, 17.365716771112147], [81.39407533400953, 17.363694657182748], [81.42452039440076, 17.370225742524042], [81.42897750011161, 17.380762310232456], [81.44250565721035, 17.383534786101563], [81.45037430423082, 17.390303881518946], [81.46610219316176, 17.41397541553306], [81.48107986314523, 17.428093850750656], [81.50225396095158, 17.457367574753846], [81.50467460494912, 17.468895223236018], [81.50241869426736, 17.48550786789383], [81.50697001565374, 17.498472700454784], [81.50680191707488, 17.51850167441279], [81.51019041865294, 17.54773627161171], [81.53263521624228, 17.580956172189644], [81.51165908709726, 17.598162623906035], [81.52058538900457, 17.618131140939454], [81.54285892330074, 17.638665699362605], [81.55301441228534, 17.65353655416868], [81.56232867452877, 17.6745975757176], [81.57983749990075, 17.696058818060067], [81.58161460163262, 17.72679827422104], [81.59059473875624, 17.738779467898155], [81.6178458649947, 17.75177220552291], [81.63169679956769, 17.77091116361936], [81.650537037954, 17.773777334456497], [81.68331816650021, 17.77529103105627], [81.69342801938762, 17.778748526823108], [81.70686544568383, 17.79267460514893], [81.71261880001765, 17.80772268395475], [81.73820808253703, 17.827470265440468], [81.74752368746829, 17.82976769602243], [81.76156315591498, 17.826502886299238], [81.77255623388317, 17.838112056526256], [81.79097232950943, 17.84015486205726], [81.80301047905044, 17.852349636626457], [81.80137060846687, 17.860695521481205], [81.79004065884936, 17.87884208039776], [81.77744132425778, 17.88679629071629], [81.7668590583989, 17.90140653818122], [81.79457062043787, 17.921663092777578], [81.80958819873644, 17.944102024988524], [81.8418881081497, 17.959070240399342], [81.85537265712247, 17.958852776234664], [81.90782215127132, 17.976659073057817], [81.92224160576558, 17.98797764265413], [81.9446422988031, 17.99220257309031], [81.96031194673901, 18.000219543497167], [82.0101945734209, 18.031791878892136], [82.01325220272702, 18.042425421396104], [82.01010202688707, 18.052894162235873], [82.03316277913899, 18.065971632185153], [82.05368521919758, 18.0537276521095], [82.06824194710822, 18.053281052378736], [82.06951354711259, 18.06212601330492], [82.0807163029151, 18.07378099229902], [82.10087197606089, 18.06095326138393], [82.11649172421374, 18.062235455402003], [82.13775342498064, 18.056918219200497], [82.14090600740639, 18.0438979272476], [82.15582841045284, 18.048713330955536], [82.1722753972918, 18.04993386385678], [82.18548267088863, 18.02925595979474], [82.18596729935143, 18.018960737747875], [82.20547980704754, 18.01711140426795], [82.22673337254719, 18.002653583795905], [82.24553395442854, 18.000514061574734], [82.25028333171042, 17.98829772306152], [82.26176750516629, 17.988735914131155], [82.27582656444446, 17.994997948396644], [82.27935393393693, 18.01918125331224], [82.2747630522731, 18.034167634129062], [82.26670409251989, 18.04331969914483], [82.27547422805321, 18.056706908197327], [82.2962767601644, 18.068994614210112], [82.31294268245887, 18.048115177473505], [82.33035327758176, 18.05868402994406], [82.3383027349833, 18.048938649798913], [82.34486748734474, 18.05579042079131], [82.35170509221626, 18.07631648331909], [82.35166329172756, 18.090947553686703], [82.34066198586203, 18.10255138643737], [82.33877739446126, 18.12737380895419], [82.34383094044563, 18.13562133765464], [82.34184918089505, 18.150715636217683], [82.36605355782547, 18.13350571671549], [82.37363208085588, 18.14804547172122], [82.35718578109896, 18.170144314508548], [82.34148049123172, 18.171712826585747], [82.31874450395577, 18.182839830693695], [82.31453406249705, 18.20384563386898], [82.3281615506151, 18.209234027128673], [82.34124747599026, 18.223974437070638], [82.32973094132996, 18.23061289876631], [82.33863789612207, 18.23948659303187], [82.34528196239273, 18.27432465995514], [82.35203451478111, 18.27973822433961], [82.37544378850009, 18.279055782798196], [82.39062463152158, 18.29240479854269], [82.3957107932186, 18.30869826661177], [82.40138430574115, 18.314514924224397], [82.39272824381345, 18.32674417610292], [82.37361383630957, 18.324455032773585], [82.36632934122616, 18.31627376072555], [82.35127420813825, 18.31535658713682], [82.34280100895944, 18.32510809166513], [82.35378861005637, 18.329803519516872], [82.36490093003397, 18.341551849038638], [82.36849355703208, 18.351659360990766], [82.38468621739509, 18.361238267632018], [82.39275956450234, 18.380349497831105], [82.38356064480797, 18.390966912792862], [82.38081370788638, 18.405961005296206], [82.36959504307686, 18.41773879930622], [82.38590726111124, 18.42981194686388], [82.40564056046355, 18.459395683364164], [82.43512890677368, 18.484767286780937], [82.44538760465429, 18.505054511856315], [82.46165509220879, 18.52475542302443], [82.48223879318579, 18.544550206327017], [82.48970077936752, 18.5228379685974], [82.50644240659187, 18.51385702658058], [82.51565118735249, 18.515897796945808], [82.5313758459186, 18.51177796578054], [82.5357719317293, 18.47614192770783], [82.52440140739907, 18.463818546488767], [82.53766126885256, 18.45092874346676], [82.53843567956301, 18.44230342935981], [82.5560155459807, 18.449797924234872], [82.56204604798677, 18.445666016073858], [82.55341613384758, 18.425298438372295], [82.54421259883242, 18.41638010985423], [82.54347394066986, 18.39765400173087], [82.55775443641818, 18.391630401122143], [82.56433115336011, 18.396632594019025], [82.57890320841642, 18.392337871695474], [82.58564686471112, 18.38548679857695], [82.59748136907001, 18.38531105036475], [82.6091818699474, 18.37426666787246], [82.60689295054931, 18.362254046487124], [82.61698417667844, 18.35948638378966], [82.61619828971936, 18.349951537633387], [82.60484241804323, 18.349136624155904], [82.6121735321828, 18.328692311800808], [82.59801781646911, 18.32777744497315], [82.58479406999038, 18.315120544777358], [82.59619817500584, 18.31038009146812], [82.59929752296239, 18.300307474110696], [82.59396798493464, 18.289342403728995], [82.59758184042965, 18.26515537472079], [82.61787107459048, 18.257718637005553], [82.62179856325315, 18.24792738783873], [82.64004922589112, 18.23707562484026], [82.65596065026386, 18.2532520569369], [82.6532278416916, 18.265579374488595], [82.67328572345741, 18.299081306057474], [82.70643780346194, 18.30475723415907], [82.71087969893904, 18.316934257010416], [82.7255870237222, 18.32328111533127], [82.74266134614425, 18.321746963651492], [82.75473934554441, 18.328343909044236], [82.75936031043005, 18.336822389941403], [82.7753766020486, 18.339581022546213], [82.7925111241891, 18.36262091322459], [82.78621913710356, 18.379354701957993], [82.79590584547844, 18.386585822277937], [82.79575706703508, 18.398610398351252], [82.78447859191357, 18.42802138138171], [82.807420372852, 18.447719365256546], [82.82660053878391, 18.446869424984015], [82.8270018270727, 18.441721871966877], [82.84401192800811, 18.432626913901004], [82.84523861407087, 18.42268616503452], [82.85688968101402, 18.423445012077707], [82.8782610621983, 18.414670060674837], [82.89286703158831, 18.421232842621635], [82.89919685405164, 18.40074958422599], [82.893176911885, 18.387166956090198], [82.91103554115733, 18.36452217535816], [82.9358626986047, 18.369630538618537], [82.94097566729329, 18.36003213827263], [82.95377237609432, 18.359143543339883], [82.96805902410472, 18.3659202200422], [82.98470636100978, 18.363619027596087], [82.98945442078497, 18.374510326590325], [83.0002042591193, 18.38368125128875], [83.01985065068703, 18.386913231260678], [83.04775098671871, 18.378830995254305], [83.06443696479414, 18.386012420836607], [83.07471568338212, 18.400997325865944], [83.06350953893411, 18.416801042933855], [83.07028832094932, 18.429545443567406], [83.0664709830495, 18.437709744509164], [83.05081689878091, 18.426944606908137], [83.04551462819757, 18.443446449693965], [83.02625862243752, 18.448984807602812], [83.0246433105404, 18.456240599923774], [83.04520747194732, 18.471690299767545], [83.05997161319942, 18.486032911689563], [83.06336298901078, 18.4966494246313], [83.07697230452828, 18.510549320994414], [83.0813074163043, 18.523224490018265], [83.09664175381397, 18.541230146753946], [83.09517787246091, 18.549514676261367], [83.07961433643254, 18.550922782560406], [83.05931889425165, 18.543336145846524], [83.04061564689465, 18.55626827815854], [83.04183679852946, 18.566644376237036], [83.03359114491548, 18.572638526746687], [83.04463523782601, 18.585891484104764], [83.06206936371024, 18.59479493154089], [83.04920756827471, 18.605015348879306], [83.05776440170581, 18.622148436601094], [83.07221527581436, 18.622649423731957], [83.07902438926419, 18.61019677935792], [83.08767454444472, 18.61613271135559], [83.09414009079262, 18.630205938553274], [83.08808715969474, 18.640984997659586], [83.08673216465775, 18.655125869163555], [83.09213590754615, 18.66399548500368], [83.12505643910345, 18.659765091186046], [83.15028159511957, 18.675024522363856], [83.15494376784068, 18.70089210908361], [83.17565991737132, 18.70995043146729], [83.17185193332011, 18.72184714822737], [83.19202167815797, 18.733668875917942], [83.21479024247577, 18.72572017664487], [83.22054882007205, 18.742678865137577], [83.23099043376158, 18.756164538262908], [83.2253078614687, 18.767103892530656], [83.23068939200192, 18.77407973129459], [83.24753183052962, 18.766954887458155], [83.27407317583646, 18.7652246008347], [83.27712127232888, 18.77895366557925], [83.28744665673787, 18.79776990375808], [83.31215926483827, 18.80704329810976], [83.33095740416093, 18.806472044249517], [83.33615387220351, 18.818897104617747], [83.35801775991177, 18.829813408362156], [83.37017357225261, 18.840273395201052], [83.38073301151934, 18.8294108502306], [83.40660623518966, 18.84174107259247], [83.40482419887775, 18.85738679406535], [83.41920075031442, 18.867512189036347], [83.41372024849073, 18.87347544513574], [83.39568804017097, 18.879144113909774], [83.38034758367411, 18.897903333272268], [83.37501659503988, 18.908390580361072], [83.36437609717922, 18.912831000950007], [83.35553730560224, 18.928956839886325], [83.35688133070892, 18.941785238098305], [83.37062010003763, 18.938043699557113], [83.37886220492686, 18.92508880810209], [83.38808856023894, 18.931288959118206], [83.37175328178859, 18.94588203223003], [83.36891815195122, 18.96131935380521], [83.35286305008975, 18.96419274080239], [83.34921548260849, 18.926370788980762], [83.33688094619879, 18.92486584907971], [83.32674106045164, 18.936359772085837], [83.33898831226088, 18.94555723577787], [83.33477295870512, 18.965211893913818], [83.32119128385074, 18.974467317113067], [83.31567736321978, 18.998742416729215], [83.3370208186559, 18.995990390544137], [83.34280172731792, 19.01450046442494], [83.3628018087565, 19.017190488650158], [83.37015334380186, 19.00257229927223], [83.38502550981946, 19.002572873039696], [83.39657579783488, 19.007870806192784], [83.4166521013135, 19.0040734080614], [83.42264405837665, 18.98580196299025], [83.4442902220162, 18.96587266179398], [83.4504819598746, 18.955761360098734], [83.46328671131272, 18.95363287345839], [83.47007593805415, 18.967235587052755], [83.46610839358755, 18.98045689367075], [83.4580245181171, 18.990376966224062], [83.45630033339376, 19.007551960554565], [83.48237169209995, 19.008258960782484], [83.48513091735799, 19.033421813565894], [83.47321526627155, 19.044053379360037], [83.47104217235841, 19.060443673836517], [83.46446283209406, 19.06391518553744], [83.46716050325466, 19.07745973727708], [83.484743295167, 19.08311306451634], [83.48817957232944, 19.074293999568454], [83.50025765536657, 19.06279604670027], [83.51314398430748, 19.072618192975256], [83.51848563260592, 19.05588990899213], [83.52143054988005, 19.032714859203452], [83.5013153165487, 19.034718369757], [83.50317459742979, 19.01903803697587], [83.52306732319846, 19.012886568960027], [83.53914737675012, 19.013416899170636], [83.54256934569878, 19.036572797896383], [83.55921569874556, 19.05830339168824], [83.55259014052263, 19.06996024846677], [83.55415751765537, 19.081705391690548], [83.5626857796251, 19.086002954972457], [83.5684068258144, 19.074116914963724], [83.56537564646896, 19.059312408540848], [83.58649559609495, 19.05774882294986], [83.58990107597396, 19.08354832919207], [83.59533123914542, 19.09096354073489], [83.60755080532545, 19.0927031317442], [83.61209143467204, 19.10076174795637], [83.60198723132572, 19.11842783687524], [83.60198817561388, 19.128161006025664], [83.62678820411242, 19.149688853957514], [83.63784706119299, 19.152604916483767], [83.63609974230934, 19.139339188752615], [83.64097211357222, 19.132287504764577], [83.65710451666018, 19.129757196537412], [83.65238681260138, 19.12118958383229], [83.66515043804236, 19.095723258421685], [83.66452974754986, 19.08292912977555], [83.69206914787293, 19.052007665221595], [83.70185236789251, 19.0292730422172], [83.7075164564194, 19.023185156270017], [83.7245101222444, 19.022621061013183], [83.72754496902513, 19.012486728579688], [83.71269603789187, 19.00764595859414], [83.71342289694917, 18.993462891799084], [83.73397780433226, 18.983815944250466], [83.74419918214659, 18.947313980455874], [83.75353425919877, 18.926566570490877], [83.76386619606814, 18.92510366760024], [83.77899288281537, 18.90975835296564], [83.78776625860598, 18.91618878528425], [83.78484360674713, 18.927497915596405], [83.76917484644207, 18.952956409710566], [83.75806457422078, 18.952722287403674], [83.75669659027545, 18.966755895867948], [83.7494083917839, 18.97535202067928], [83.74875809471035, 18.992131860097288], [83.75894613015981, 19.001531900576822], [83.77515184777963, 19.00668238898112], [83.78330319668521, 19.017198176954366], [83.7959638965167, 19.01607069330788], [83.79881925120753, 19.000649914761823], [83.81018799308146, 18.990136996525223], [83.82372500580442, 18.957060264419738], [83.82108080113812, 18.942009398614914], [83.82883232045526, 18.930429816083176], [83.82460976782659, 18.917888107350336], [83.84257828346108, 18.917803799505805], [83.84794732061243, 18.91257738673704], [83.84998833829121, 18.89680004318751], [83.84438258608753, 18.881302224218302], [83.85135830164438, 18.86003064529808], [83.87204266643596, 18.847717977702587], [83.87788537021373, 18.827157373114346], [83.8909299069897, 18.82843303895362], [83.90317136806425, 18.823639342181934], [83.91544202652835, 18.825160505852693], [83.94125539312193, 18.815674931752767], [83.94745748667373, 18.805440269153166], [83.96328125142867, 18.811905191371523], [83.9770386538109, 18.81268589014178], [83.98997538345725, 18.808885415429643], [83.99917198110211, 18.813535173009882], [84.01502396478418, 18.813089694733662], [84.02727953262439, 18.806543170730777], [84.03469132044813, 18.81111536897913], [84.04193048700245, 18.799064994054277], [84.05556520117318, 18.792460102251994], [84.05683130092388, 18.779657099095914], [84.06623899733194, 18.77710354159524], [84.07340575766966, 18.760757478474886], [84.09927074894597, 18.754337010644576], [84.10832635088047, 18.76176986059062], [84.12169314262451, 18.7642392937085], [84.1305424436789, 18.757393764910375], [84.13553975235772, 18.770373349950205], [84.142581936807, 18.775870631324608], [84.16691280338324, 18.784143164775287], [84.18738254316992, 18.778104595850493], [84.19788670021109, 18.785870070847125], [84.22423193215798, 18.796399107632737], [84.25353134169814, 18.782593120276317], [84.26641227021014, 18.784019290358003], [84.29140437591127, 18.79999946250524], [84.307855765831, 18.790950306911157], [84.31995526262534, 18.788421356660308], [84.32318773902301, 18.79539203241643], [84.33968475244944, 18.80124422134378], [84.33675693128743, 18.81819004773257], [84.35153806702823, 18.82113026604901], [84.35176750206864, 18.84187262272343], [84.34549588642608, 18.84535802894993], [84.34184110548267, 18.872927552964256], [84.35439609450424, 18.869064668000078], [84.35888170152936, 18.86001637395657], [84.3698303547871, 18.86018928121041], [84.37898040352286, 18.876318841541377], [84.35924764106585, 18.886850956706326], [84.36215453050721, 18.891981146512762], [84.39061452274211, 18.878379967161777], [84.39348598069353, 18.892112586027054], [84.41717643284613, 18.89971341134492], [84.43672899994345, 18.92272947178776], [84.422939454892, 18.9470262846354], [84.42763203728873, 18.95832439015851], [84.44795506887141, 18.9758833743183], [84.43372699100786, 18.992871584855834], [84.43711018118995, 19.01004152229848], [84.45948370660784, 18.99724825790082], [84.4789351341492, 18.99016778391615], [84.48510751320123, 19.01678146259445], [84.49665611228983, 19.02982730248806], [84.51715201065684, 19.046329103005746], [84.53436430077193, 19.047587395741743], [84.5420224227966, 19.05422332584584], [84.5608139161294, 19.056286733945683], [84.56691733246896, 19.068411766989527], [84.58529913154973, 19.07099458213429], [84.58085515414211, 19.044030506902402], [84.5853243269562, 19.02785720534581], [84.59487689605197, 19.02196055393648], [84.60417761630401, 19.028709759947503], [84.60766792743294, 19.041871562023005], [84.61987816674406, 19.063738334756408], [84.64398110824163, 19.066073325523632], [84.6616528511982, 19.061258418241437], [84.66673483374564, 19.07984426000462], [84.66128774533325, 19.089904395671397], [84.6517530952292, 19.09331813582338], [84.6385933454066, 19.08150427180476], [84.62697332935574, 19.085383532524077], [84.62155587989997, 19.10115494324606], [84.61008568730466, 19.105379631764663], [84.60178690624076, 19.132302931734955], [84.61653015983904, 19.126220024434645], [84.64750112937367, 19.131034795019843], [84.66827942115845, 19.130661920811065], [84.67299007633102, 19.14404762259977], [84.67210415058616, 19.165471647398647], [84.68849014540393, 19.15851651282685], [84.70914228029204, 19.159931127519542], [84.71354519375575, 19.152356682015295], [84.7009032582788, 19.128362857060267], [84.704635394408, 19.117670746208034], [84.7685819052308, 19.08002272866605]], [[82.2063234268847, 16.747472727784213], [82.19828994402576, 16.738212742324265], [82.18417488036647, 16.736101378775686], [82.18864143705275, 16.727316899955042], [82.20314041409887, 16.71950642648045], [82.22500482251462, 16.720846591696898], [82.26301940642054, 16.70090334561297], [82.28591286858409, 16.704317101952768], [82.30438546681592, 16.717246116315266], [82.31235859707164, 16.734027504365883], [82.30727419534787, 16.751520988203083], [82.29861723409812, 16.752114610001286], [82.29024564212273, 16.733897707013625], [82.27324151268573, 16.73050261520359], [82.22997113785777, 16.72938792801051], [82.21955674934458, 16.742297284991764], [82.22931472269636, 16.755880952743837], [82.227200287963, 16.762687908720068], [82.2063234268847, 16.747472727784213]]]]}}, {"type": "Feature", "properties": {"ST_NM": "Karnataka", "ST_ID": "IN-KA", "ID": "KA"}, "geometry": {"type": "MultiPolygon", "coordinates": [[[[77.30094995597574, 18.47673601895218], [77.30078149856735, 18.466930046084826], [77.29394957291453, 18.45824988592352], [77.27511440490593, 18.44989206886396], [77.26833200491814, 18.45297080795649], [77.2748991449796, 18.4748583622237], [77.30094995597574, 18.47673601895218]]], [[[74.30910680123793, 15.79856310010706], [74.2977870643216, 15.788585103120056], [74.28707040017889, 15.788338074642468], [74.26523309643034, 15.797056716794089], [74.26817213933282, 15.809157480733177], [74.2655200521088, 15.82146516518526], [74.2897467331253, 15.83079594707533], [74.29628240231108, 15.815703576658791], [74.30910680123793, 15.79856310010706]]], [[[77.51440942785285, 15.92583542766289], [77.50224435879016, 15.931251100957581], [77.4718445468884, 15.932481670292873], [77.43115135834859, 15.947112217255096], [77.41233488095003, 15.940454247465595], [77.39734487046945, 15.941552023806878], [77.38083007834547, 15.93800563455244], [77.35815937375617, 15.948428928152566], [77.31922333368993, 15.949849253540265], [77.30462494198753, 15.95514240859535], [77.286805371171, 15.951981091953883], [77.26747212623769, 15.955983923119618], [77.25317352353932, 15.962304868375043], [77.24032834757526, 15.957263894013522], [77.20711051993459, 15.954393637556393], [77.18470872972415, 15.954539775590206], [77.1747766997849, 15.950028672785095], [77.14743125984484, 15.945046731721334], [77.13390756428271, 15.934829195810778], [77.10851791327116, 15.92893813278863], [77.08062729711213, 15.914131942834956], [77.0697720483414, 15.903699988763492], [77.05626096667032, 15.88068376734202], [77.03694867054475, 15.8574786936868], [77.02603620510683, 15.836192202208395], [77.03193936221186, 15.830021105589594], [77.06777820729849, 15.82764180252724], [77.06541648058618, 15.802431231716014], [77.07116267002124, 15.800564085364272], [77.06639697364147, 15.78292545364684], [77.05060132079439, 15.755873687320843], [77.04713233708776, 15.7390382338275], [77.05101883734955, 15.729584904919477], [77.08029325203199, 15.726032317537488], [77.08028665370614, 15.715003747824767], [77.08840489407066, 15.713608298584177], [77.08568095191447, 15.699986529254943], [77.07996125111089, 15.695539588581198], [77.10493837050944, 15.68358332051389], [77.12918298310825, 15.663814003313632], [77.12040982945013, 15.629902013267326], [77.10007814189277, 15.64888850300207], [77.08553216897445, 15.657553154354616], [77.07292370446544, 15.645614014774992], [77.03106596672103, 15.634021775184806], [77.03288519719416, 15.602961167523915], [77.02771045677224, 15.581099367142144], [77.03293383073174, 15.52990736443337], [77.03068505527114, 15.504809601881675], [77.00943750353804, 15.507557093684966], [77.00001717255452, 15.504505690385372], [76.97580616492263, 15.511052205395004], [76.97431948305774, 15.495670368392837], [76.98004002382811, 15.486780253406039], [77.00002888082827, 15.47227768356828], [77.01017844597857, 15.453083730130118], [77.03154401484448, 15.440077027832615], [77.03517639907164, 15.423259705571013], [77.03271840892751, 15.406243425393825], [77.0452418398391, 15.39647269695746], [77.04806224597593, 15.388724532111496], [77.04229060662624, 15.363778217190998], [77.04687198875132, 15.35724959329417], [77.06723144827276, 15.342976153626637], [77.06593832749189, 15.326942357603798], [77.07346997425998, 15.324562131836956], [77.11417339258804, 15.332422217311546], [77.1179340408234, 15.324277904701603], [77.11996388262713, 15.295042437858285], [77.15255527040944, 15.290917712582427], [77.15268308655527, 15.276211576702963], [77.16997873752877, 15.256281376184631], [77.14491515281213, 15.256820479281771], [77.13730672912232, 15.239896331050886], [77.12808372738215, 15.238592950804104], [77.12553735546464, 15.226517770778571], [77.14607187881421, 15.223441303373477], [77.16291413567888, 15.199192535906832], [77.16929251523743, 15.173878307437974], [77.16251817407453, 15.154368955462985], [77.14171755482135, 15.154639458044585], [77.14012207837129, 15.14141482123705], [77.15757416821333, 15.137055729938027], [77.15886920904683, 15.125968426401812], [77.15254163129129, 15.112786524478565], [77.13240349942203, 15.099086252428663], [77.1303335838279, 15.073676604991363], [77.12088356712297, 15.045587197291354], [77.1143830533353, 15.03406534853707], [77.09554445261443, 15.03318349941901], [77.08682209176618, 15.027747314387113], [77.08356988154486, 15.005492378070869], [77.04565246219141, 15.010898657946768], [77.05342839720282, 15.029263355519504], [77.05150878440293, 15.034604011865724], [77.02752943133822, 15.033016493516413], [77.00518495402247, 15.034927565454836], [76.98797312076294, 15.025738459162596], [76.98624227835853, 15.015681292157979], [76.9712108334133, 15.018470013380465], [76.95502328929342, 15.029691799736838], [76.91777503658875, 15.03615429558431], [76.89285486226214, 15.036918287648916], [76.88083336726612, 15.033833525796638], [76.86461837134084, 15.06180745514996], [76.84138061542313, 15.077516916972172], [76.82519101905035, 15.079867239381656], [76.80076760504102, 15.095711467310423], [76.77633757292074, 15.070083056188139], [76.77491854165743, 15.05906530531962], [76.7846228389729, 15.039243241082772], [76.78843310190621, 15.02169855254624], [76.78360295561197, 15.010925498213226], [76.77337739055417, 15.005607935557805], [76.76901632524329, 14.994095940675152], [76.76080956730772, 14.988002747828602], [76.76762021500099, 14.974923217532535], [76.80084541168645, 14.968017795684773], [76.81947609724415, 14.968949389902491], [76.83196528646886, 14.956174296306756], [76.8452682857029, 14.96633408315148], [76.86862611999948, 14.969222729845171], [76.86967915416966, 14.942834464439045], [76.86453862935434, 14.896463987123354], [76.8503392974207, 14.895586741634872], [76.8559170977959, 14.867815184922904], [76.85365422726085, 14.844030056641827], [76.84433509069191, 14.835354077428804], [76.85120146307713, 14.807667536327813], [76.84147945721122, 14.809479461607907], [76.83804550569556, 14.790265504549438], [76.83067484476834, 14.792325959275672], [76.81519407154923, 14.786753213989698], [76.78446667080027, 14.784537617217325], [76.79233192647729, 14.75715951569913], [76.80228856726364, 14.73994794414233], [76.78975333814611, 14.712457975954862], [76.78530475531028, 14.695851077964903], [76.77549732014529, 14.679223317502135], [76.76519029809384, 14.601729112708426], [76.78250506056014, 14.584820235865266], [76.79056862843953, 14.558592032696197], [76.80420932669915, 14.533312061202707], [76.84855555959143, 14.514809956214549], [76.85889792050267, 14.504565354307715], [76.86855721844091, 14.480397759648952], [76.8749732283319, 14.474191205459817], [76.88509582820996, 14.476288208633946], [76.89910821986848, 14.486521426922366], [76.91137802217804, 14.489940834601896], [76.95039503899989, 14.488003397239027], [76.9784760596225, 14.484176175789912], [76.97928733534229, 14.476269466762517], [76.96366127844533, 14.451298963676265], [76.94882531913322, 14.450982063271624], [76.94975209928003, 14.414842573925682], [76.94665222881736, 14.40546335455025], [76.91807195135954, 14.419418783150377], [76.90158391946238, 14.400340889020868], [76.88804297580276, 14.396141266406346], [76.88355505122468, 14.357266920731831], [76.90401830869803, 14.32518500068727], [76.92828512465883, 14.315650313711046], [76.94813640247304, 14.311415346840818], [76.95535379644059, 14.300087916224413], [76.95398807429024, 14.29281682014016], [76.93004045110598, 14.278216771886548], [76.93102755597698, 14.270445804730173], [76.94311127416603, 14.246195425678422], [76.95671189683662, 14.240266482312336], [76.98789468998802, 14.244308926815563], [77.00959660529918, 14.237775605759623], [77.03859808563323, 14.246732448643627], [77.05523054145635, 14.245811081516251], [77.065890776738, 14.230462005916877], [77.08106533619639, 14.215692715146758], [77.10100219259715, 14.215860241756786], [77.11577033043648, 14.227855426187034], [77.12129546111669, 14.26318460208779], [77.1126785862478, 14.268103900874394], [77.11765045670325, 14.293849482867415], [77.1315260812637, 14.307862118242213], [77.13668127761895, 14.320132867537836], [77.13764444163775, 14.336903855828325], [77.15792010862617, 14.34408094218179], [77.17004394017573, 14.336825925076425], [77.1853863814764, 14.332763068660768], [77.20228442688483, 14.320736051827396], [77.22893293180942, 14.321454169474407], [77.23801297282051, 14.317570343796376], [77.25116959749897, 14.321049193065846], [77.26394743312761, 14.332221471743594], [77.28730108287874, 14.337669862374298], [77.28887658628548, 14.30888643705947], [77.28582021063426, 14.282700454362555], [77.30171769551526, 14.28310964589349], [77.36570283222, 14.276089876146898], [77.36571997869413, 14.250398351502781], [77.36189780244166, 14.236835638853677], [77.38319309198766, 14.223557913267143], [77.39041207775523, 14.198709449081832], [77.3978719037654, 14.197785178043603], [77.42157171246464, 14.210149503596767], [77.42138219743055, 14.223974329052112], [77.41569171290229, 14.230476692745242], [77.40759368839804, 14.267242596768483], [77.39640752778524, 14.268205105181494], [77.38146198698115, 14.301942738266803], [77.3802984908827, 14.311857337546144], [77.38526950788156, 14.323822293064438], [77.40134973410301, 14.33590584308024], [77.43242274791152, 14.327622998902314], [77.4341194223735, 14.311686590463808], [77.44896690739694, 14.31660255456427], [77.45028438091953, 14.284437549753193], [77.46140053470697, 14.279110144017977], [77.4858826195873, 14.290682398873685], [77.49116972670157, 14.282225824562204], [77.50308030651098, 14.278741020881455], [77.5062088932259, 14.267526370645555], [77.50314589136985, 14.247432494414113], [77.49694494895027, 14.234662067400564], [77.49997269918077, 14.221024675948058], [77.50662360569493, 14.211547523999059], [77.51110077348199, 14.18776496687974], [77.517335459364, 14.179149083963125], [77.50743943288359, 14.158092852203424], [77.49550873883726, 14.16019479805152], [77.47019665255351, 14.171284786064064], [77.43024867373737, 14.172063118718029], [77.41644229967244, 14.176679311800854], [77.39638856647923, 14.172188190132943], [77.39625165459023, 14.160481700670005], [77.38930871212744, 14.154651056800901], [77.38336618630052, 14.136539660477013], [77.35435716155382, 14.131237522094011], [77.35910542817305, 14.112281328720371], [77.39648948210396, 14.125551151964146], [77.40222978097967, 14.110442108116843], [77.38641353185909, 14.097375536152128], [77.3791388609697, 14.078852075862642], [77.36810644755457, 14.072935928050697], [77.35685388819644, 14.06035942095059], [77.34465882404555, 14.060792025431681], [77.3329035283752, 14.029908740695873], [77.3568786816059, 14.023476937810472], [77.36915432231416, 14.023035796964507], [77.39025715424435, 14.014449914531951], [77.38009834945933, 13.98880645055732], [77.38258677535947, 13.976227089009], [77.39345917959753, 13.981127129713343], [77.42751520056612, 13.984054811480405], [77.43770329627017, 13.975990202186154], [77.43579086725475, 13.950579341563412], [77.41475462652483, 13.943305333474427], [77.41725722394176, 13.921833296569446], [77.43455934823538, 13.9164951763114], [77.4261145406536, 13.902181285138226], [77.40417233278697, 13.88778405019383], [77.39748039470453, 13.904911926344369], [77.35527660772931, 13.90367873638462], [77.34951933954596, 13.919355613071161], [77.36952014763676, 13.949420179297874], [77.35058677366072, 13.95797077413198], [77.36060853795374, 13.98938002916509], [77.34025680900459, 13.995067829217021], [77.32370631739269, 14.022277244898987], [77.32016207751792, 14.031769143930887], [77.31019074900394, 14.033655092408651], [77.29890738876503, 14.021417696269737], [77.28509229307491, 14.01380408349172], [77.27805501622606, 14.034978672327895], [77.26226946816149, 14.02781595084548], [77.24906436372947, 14.013148939971643], [77.22527230527271, 14.014707971395808], [77.20092162663184, 14.009620216100132], [77.17767270742956, 14.015315623517267], [77.16068516328971, 13.997314498465357], [77.14053028244666, 14.004799783383362], [77.1402069491914, 14.016322280548877], [77.13397884994401, 14.025272650112754], [77.12718775710937, 14.048776452471373], [77.09675855176579, 14.044810196733238], [77.07547129046776, 14.045956809858922], [77.07496025521169, 14.053683318130652], [77.0294884569268, 14.05968739535706], [77.02600743039864, 14.067848124191642], [77.02974185350377, 14.08975872718355], [77.0161281169191, 14.098415346690956], [77.0222792324007, 14.112446519791092], [77.01945942970895, 14.13373401851021], [77.0254420518093, 14.17899317299657], [77.01161657614415, 14.181116430079214], [76.99177664687483, 14.178766102273869], [76.9639225566807, 14.181698556743072], [76.94700256781431, 14.195456069741851], [76.94235422576696, 14.172051600201257], [76.92829851466479, 14.169539952906575], [76.92249932818152, 14.163815166436848], [76.90200806581964, 14.168003409030177], [76.89667266421213, 14.165096122088414], [76.8889351014738, 14.137144490525884], [76.91786741315065, 14.128283521667242], [76.92779630265727, 14.135222861445925], [76.94838210624926, 14.11812586891375], [76.95695627051555, 14.09164121147279], [76.97366666518451, 14.086042642154268], [76.98062902850694, 14.071603767699742], [76.97715102909677, 14.058730108407815], [76.94349646638886, 14.053889167551063], [76.9366454274446, 14.029034176086384], [76.94635027154783, 14.026920772875428], [76.95419403342794, 14.013124310238766], [76.98089997535362, 14.00298551267133], [77.00016564432906, 13.98794086028255], [76.99482252114251, 13.963154319816056], [77.01398610627382, 13.953877984681299], [77.02454503562495, 13.941320134916339], [77.04184539634804, 13.932174890358965], [77.0473345136769, 13.904012735599338], [77.02325936033128, 13.899941655782811], [77.01201161774202, 13.856686519966956], [77.00012229430848, 13.845546914558497], [76.99222839342565, 13.845800196921573], [76.98997002759478, 13.834320369889213], [76.97750988017691, 13.825437716577426], [76.97479538000283, 13.816813508636585], [76.98974806951787, 13.810793150983159], [76.99182734615516, 13.799620690642428], [76.98726520142799, 13.792413776474632], [76.99825856897786, 13.756181779265773], [76.9987329919341, 13.749223947627115], [77.01762466074956, 13.739434905396593], [77.02604730543885, 13.776554125172765], [77.04140983309736, 13.776003245453467], [77.06637145178115, 13.74565308781979], [77.08700311270354, 13.744224164913305], [77.08675727942494, 13.760235611884013], [77.1016722010113, 13.767719791535228], [77.13003107347532, 13.757781099418253], [77.14407040792304, 13.762569703329177], [77.17322236911707, 13.76163280670869], [77.1779679638505, 13.779002543832405], [77.16505078006952, 13.794017865731973], [77.1606300402442, 13.807459340776006], [77.16848146884479, 13.822354937730267], [77.16440306045291, 13.832347000113998], [77.15222663924806, 13.841793603891745], [77.13165510340036, 13.849821833810608], [77.14578915624463, 13.865851117934767], [77.16895946750549, 13.863840080955015], [77.17138630693256, 13.873071150513226], [77.16234029716702, 13.906609815790432], [77.1659440784565, 13.915261290276362], [77.18345347220003, 13.924225946470301], [77.18868501470172, 13.90814525350072], [77.18163538476523, 13.868279341418543], [77.19927829365838, 13.863126712627718], [77.21542957081812, 13.885350655608306], [77.22361382052145, 13.876199839750825], [77.23208066059408, 13.902400038031374], [77.24674938107916, 13.901039213588888], [77.24548059955009, 13.888479720762575], [77.25045232971132, 13.867292277017043], [77.25977442594905, 13.863140357141845], [77.2571943465419, 13.846502881302968], [77.29236446115101, 13.853115445221647], [77.31381231348752, 13.864352340188418], [77.32309166854571, 13.84687642370801], [77.32697791789667, 13.83292167949196], [77.33424232662213, 13.831975631370312], [77.35924690502071, 13.851586263195543], [77.36652952771561, 13.852884044263305], [77.38023363447473, 13.845440217192333], [77.3799722096498, 13.838545794952552], [77.41112855373984, 13.83873171809438], [77.43177066208642, 13.84247648430238], [77.4319767705116, 13.8340446665282], [77.42000890748517, 13.819103462255043], [77.41591594176737, 13.806602518891168], [77.42416565402175, 13.798317882364415], [77.4360000936295, 13.79540563386297], [77.44790743408089, 13.809705617020654], [77.46297874057649, 13.8072477968484], [77.45817177880463, 13.79297248029576], [77.46619512270678, 13.757308288047113], [77.47010790385673, 13.751092862045994], [77.46560136960755, 13.737846612731062], [77.46436203098301, 13.720174090062244], [77.45233456269, 13.703287936389188], [77.4573005048145, 13.683351115061953], [77.48411400205958, 13.68521044810376], [77.49276699639984, 13.694305795576042], [77.48732320400273, 13.710798257533611], [77.49495238314603, 13.71438703543339], [77.51043746681569, 13.712036764285301], [77.51565320822903, 13.696456182506893], [77.52926027903868, 13.695553360299414], [77.53554835856994, 13.714696712483317], [77.53427099391132, 13.732890137769687], [77.52276097034257, 13.744647738402477], [77.52730512952814, 13.751463655223574], [77.5471902587235, 13.751378997542758], [77.55589207545898, 13.728102597756731], [77.56385893294345, 13.724170977608594], [77.57441349158944, 13.737106953623083], [77.58937782372766, 13.738311156634609], [77.6034425253523, 13.75133590562757], [77.61212472697463, 13.750329411373286], [77.62356448021666, 13.736167082045256], [77.6447110093057, 13.743081664387375], [77.64168706500612, 13.749118657699967], [77.62053358685563, 13.754653297811501], [77.62222418999443, 13.768080211932272], [77.65702154550797, 13.78366320029653], [77.67820932649926, 13.78535414068108], [77.67652108857743, 13.760166857814284], [77.70360353797298, 13.769349746193882], [77.71032961611894, 13.738958167585395], [77.71915819049815, 13.745692846847476], [77.72231497095919, 13.768752441671893], [77.72092956444789, 13.798444128293909], [77.73651936697524, 13.809677514106056], [77.7773853251727, 13.81654843796008], [77.7884756998937, 13.8280341240756], [77.78225225823519, 13.839723954496947], [77.79455216085358, 13.847930178235174], [77.81099125614162, 13.848707314790772], [77.81902061201168, 13.860149682362021], [77.83597135229616, 13.868679626963285], [77.83548986786315, 13.879646401560251], [77.82917249831223, 13.89725042466739], [77.81922486963208, 13.902694452686887], [77.8144651528446, 13.925506161979854], [77.8223351092779, 13.938951062541548], [77.83827383257136, 13.935133263289515], [77.87067410002976, 13.934847725841905], [77.89528394439856, 13.939266417011595], [77.89801361073961, 13.919466451815367], [77.92000883454011, 13.905418190696992], [77.92823317422165, 13.9068874275128], [77.93814576801282, 13.9170056018271], [77.94727056288622, 13.932813397320501], [77.95919805804402, 13.936147766006627], [77.96970652463648, 13.958173416569991], [77.98706915261937, 13.95589400300588], [77.98201112891053, 13.932495268441926], [77.9865771479171, 13.901654161910074], [77.98015798500307, 13.896887644449293], [77.95802914353021, 13.892727905868185], [77.95033182365478, 13.8793129266503], [77.95672939474582, 13.83313387093142], [77.97442192193421, 13.82853284221693], [77.98987195092985, 13.857164006913422], [77.99378302156924, 13.870026151285913], [78.01344456401546, 13.870107650547709], [78.02430091805297, 13.862804155487424], [78.04658126561299, 13.861318887356788], [78.05166139285905, 13.872249854547192], [78.04984970949653, 13.895154234480401], [78.07971885304266, 13.880471809226663], [78.0837458112203, 13.863461026605137], [78.1149454369824, 13.862142508969669], [78.12246912744831, 13.849519681388244], [78.12624162874823, 13.830440434678394], [78.11665027369122, 13.812264166657997], [78.12727887531992, 13.785616731926666], [78.12005932028148, 13.770467124158529], [78.10435843619291, 13.758991735280404], [78.09395500951615, 13.742193415693635], [78.11851962338199, 13.718998689637885], [78.11454637001901, 13.693198273281723], [78.09428411641892, 13.689392248853267], [78.07312219453371, 13.696895431179257], [78.07497527998527, 13.673233334650718], [78.08917100923475, 13.659176979633969], [78.08992243597169, 13.644139096442188], [78.11659211003791, 13.655935433573461], [78.15548652678183, 13.658575653343803], [78.16834783298617, 13.6541162219861], [78.1699260577414, 13.63241034606068], [78.1952966170453, 13.630205563635911], [78.20340599818832, 13.62520973074453], [78.20322133050007, 13.60397562567465], [78.1889552266025, 13.58800779402452], [78.1896499735675, 13.57325104519964], [78.1985574247854, 13.565492596606077], [78.21195834939834, 13.577097415913045], [78.21806219561387, 13.590997439080581], [78.23220121451448, 13.586240631599935], [78.23727743150829, 13.596366808981088], [78.25932871544791, 13.583509048803592], [78.27507008701497, 13.587456732642124], [78.30157775181186, 13.588111955302566], [78.32225301636367, 13.59282481831076], [78.3535120693266, 13.58717717478686], [78.3902392188649, 13.590779092681032], [78.40070409441847, 13.587593179581631], [78.40774912522198, 13.575709360898315], [78.39599294012214, 13.55347291374403], [78.3954797240101, 13.54120256464671], [78.38310674068362, 13.521783743824756], [78.37732324017543, 13.50472502104293], [78.37736211247159, 13.476420553066134], [78.37266158186657, 13.461652516850222], [78.37545684385833, 13.434010812349186], [78.38148362716771, 13.400665750424082], [78.37892416651715, 13.389490970731742], [78.36539172864542, 13.36474417580314], [78.36666882890341, 13.356406323692909], [78.37846282599867, 13.358026574666724], [78.39399330744521, 13.352105990499126], [78.40772912879629, 13.342120655943575], [78.40558500384492, 13.33237170728853], [78.37822340758424, 13.338223747827726], [78.37732504781275, 13.32978709260027], [78.39326904023409, 13.32385824276372], [78.40165820046565, 13.313513147014191], [78.42568095301363, 13.326979181643992], [78.43951424378736, 13.326978086269719], [78.44647849388741, 13.308261479483747], [78.4769359397419, 13.320065682085612], [78.48076371427408, 13.303891297745224], [78.5118305533374, 13.28726776589474], [78.52267880088601, 13.270060600116665], [78.53153449432153, 13.265730501161727], [78.53946774593976, 13.285994249435134], [78.55793859499022, 13.282847261691813], [78.57084753108876, 13.303520419132099], [78.57796523430818, 13.281983849575056], [78.58829522414533, 13.272301167464946], [78.58300825462732, 13.258850977090958], [78.5707437106538, 13.243628110548912], [78.56807387530915, 13.222288482627448], [78.57959179312678, 13.21455022561247], [78.56417108023123, 13.199526493253131], [78.57664993084967, 13.182075820742568], [78.58007119293126, 13.16683279409824], [78.56904818192811, 13.162671094095742], [78.54972898710315, 13.161865947255706], [78.54367540489608, 13.152386334761616], [78.54642983227097, 13.14105037137756], [78.53237926798886, 13.139335719467908], [78.51970887616375, 13.12985824736029], [78.52719788877158, 13.111127603955822], [78.52482134482926, 13.095003078928983], [78.51291808819929, 13.091952160363974], [78.50957576590895, 13.080091625128432], [78.5156334598164, 13.063097828002412], [78.49894477568091, 13.060028244008322], [78.47805140664718, 13.05164296974732], [78.47205256887099, 13.042272786759725], [78.4625562271882, 13.041777514820524], [78.46136508772867, 13.025133692466], [78.46647789453925, 13.000391657648947], [78.47252368591944, 12.989443981054933], [78.46903096190943, 12.973570821935937], [78.44464453611653, 12.979056831207856], [78.43367637836224, 12.978856183466121], [78.43489225547324, 12.964657057477268], [78.42165498229167, 12.947989275384828], [78.41214294114388, 12.94300630909396], [78.42118040555135, 12.91680358551713], [78.4280996319925, 12.93049662521912], [78.43709060954404, 12.927450722173148], [78.46736741757235, 12.903159915897447], [78.46823515992475, 12.876494627824854], [78.44971963525302, 12.890119560969026], [78.44701390796553, 12.911017003032327], [78.43758849761116, 12.912395050391297], [78.42850919944004, 12.899354088420466], [78.41405825428507, 12.901612456949351], [78.39947369415574, 12.915764366732162], [78.38942014152639, 12.905432705055318], [78.37972154861063, 12.91198929427054], [78.35638346792274, 12.938195959575921], [78.35171062204762, 12.935043517444399], [78.34929722568648, 12.916633760239904], [78.33815860683427, 12.89936237207587], [78.32741681473425, 12.902718704904373], [78.32189726075006, 12.883941403772837], [78.33242236210236, 12.881800790673992], [78.33260000518612, 12.873003613426079], [78.31505150082614, 12.875869906570983], [78.31410571890387, 12.857328527289724], [78.28663614554176, 12.859227988980535], [78.273543653317, 12.866620774129444], [78.26471612215136, 12.859609748491152], [78.2519743826117, 12.857411662418315], [78.25280500005078, 12.822357819357933], [78.24049916910144, 12.772063550492533], [78.23164341001541, 12.762635916114675], [78.2098753064003, 12.765085462524098], [78.20116284618848, 12.771055655993791], [78.17701144022584, 12.774913892362292], [78.16898109690015, 12.770128415394083], [78.14728813703795, 12.77900625913162], [78.1314187442797, 12.779830008448187], [78.12518719883025, 12.796851582034947], [78.09708013923711, 12.813049190467837], [78.08668795948182, 12.830176393026193], [78.07647079499128, 12.828575824614688], [78.0750829917867, 12.839801627343263], [78.05044695826058, 12.847790285293456], [78.03255028047113, 12.850755172013635], [78.01943960305528, 12.84321330804778], [78.01842869133111, 12.832482025425179], [78.00366718059598, 12.823171676132006], [78.01602663991753, 12.812805105471284], [78.01188714147844, 12.804975301968682], [77.99178084021366, 12.805129875643274], [77.99169304479824, 12.819904597419281], [77.98159458542182, 12.832088894886624], [77.967739336801, 12.830949805489183], [77.9682321427992, 12.845749821597053], [77.95706901921994, 12.84745390917061], [77.95877062466468, 12.857489931315342], [77.94877593626052, 12.85903804766781], [77.94272990655998, 12.848978156616681], [77.95011746754716, 12.838728251407701], [77.94319838140024, 12.822300072090684], [77.91938348106288, 12.831338912460865], [77.92546568869062, 12.85357952167766], [77.93794387471013, 12.85979950274492], [77.94370753257664, 12.87101922335853], [77.92978182027485, 12.87279943314735], [77.92444542761444, 12.882816577623032], [77.91057339404693, 12.877133750821997], [77.89748692458198, 12.87614609646522], [77.89229239727638, 12.867621282496259], [77.83548561676787, 12.868093473335193], [77.83198410278419, 12.858953970049754], [77.80967283743155, 12.846912817672433], [77.80179472324795, 12.848883493978121], [77.79338998675854, 12.837301338486043], [77.81090871186763, 12.829900248098], [77.80127983079961, 12.805416067797353], [77.80943511154123, 12.795985221940498], [77.79785928637705, 12.790422924978031], [77.78155103884944, 12.76892161514047], [77.7949490334712, 12.754177773385607], [77.78807552856284, 12.742798651536589], [77.76830904332775, 12.738404701615764], [77.76161529401065, 12.727489163194377], [77.77303058479373, 12.723572121955897], [77.76025892031299, 12.696269143506242], [77.74351479117473, 12.700551204274689], [77.73721590269179, 12.691928827353536], [77.74318449626753, 12.68097335093944], [77.74141056284725, 12.6730742267942], [77.72836607103739, 12.671047557798602], [77.72405337306475, 12.679327666238862], [77.71374253608923, 12.682766932747825], [77.71172480545545, 12.667284112671723], [77.70538886130697, 12.660271010498775], [77.67766650020889, 12.659610129304099], [77.68012920729711, 12.68019398136721], [77.66406437477116, 12.683093227470522], [77.64266687817394, 12.679006604671144], [77.59997415048673, 12.666345028000705], [77.59762658180136, 12.651502580979354], [77.60756639717152, 12.62987122018069], [77.59184779553937, 12.613915824355843], [77.59120437108493, 12.593073554800753], [77.5798187696206, 12.56677441580672], [77.58626567212315, 12.545704291320021], [77.58840509631818, 12.515915775592646], [77.61516686096195, 12.512287326798742], [77.61175097592684, 12.500622230431645], [77.58530948864205, 12.477307726370498], [77.60667120840958, 12.47358588298215], [77.62733784936233, 12.494513035048556], [77.63528461239503, 12.486289536233187], [77.62708771912298, 12.433684310982187], [77.6308356950114, 12.422828150298926], [77.62600036052828, 12.413945635482719], [77.62009651903918, 12.382723480804032], [77.6140853119876, 12.362829339502468], [77.60142837851691, 12.35825492172728], [77.59641184053407, 12.34535294728073], [77.57883106759976, 12.333213397380462], [77.56632681023416, 12.306175549861791], [77.55536380379658, 12.301687616290508], [77.55294005264136, 12.29270712483401], [77.53369792881642, 12.289957800212335], [77.52853365470446, 12.27848815350552], [77.51221347137465, 12.27523066965972], [77.50330830713273, 12.28169440747098], [77.48851200522489, 12.27852628116301], [77.48025311538902, 12.270728096924188], [77.47303636173876, 12.24463182789657], [77.48380135095164, 12.233837586435527], [77.47583036198165, 12.211155176270438], [77.49271626204592, 12.199055568859478], [77.52163751835684, 12.192987332199664], [77.54890316504907, 12.203542148951044], [77.56627178431546, 12.19620975687485], [77.60166436871572, 12.19973126998218], [77.61467319521182, 12.20435901755468], [77.63956099124681, 12.195577808668986], [77.66615272466856, 12.197063717116919], [77.71211624436921, 12.182029612876363], [77.73040776950302, 12.180986097130699], [77.73729827969191, 12.17680021345916], [77.75007261515913, 12.157401957434445], [77.75129189710344, 12.13883665708613], [77.77815508548883, 12.118753689631149], [77.7775515090949, 12.110605745558757], [77.76749897899475, 12.101563676622447], [77.75727784309805, 12.078915583687262], [77.73151230514884, 12.062902859679298], [77.7006118586504, 12.019469521401334], [77.67492990728942, 11.962457504810061], [77.67594019128683, 11.949215389678557], [77.66601819958032, 11.946849430756686], [77.64790248830923, 11.949711685046282], [77.60243277015627, 11.935689940438465], [77.59677863352715, 11.938794472087238], [77.58429813085411, 11.933324959978961], [77.55893368604086, 11.940006232102007], [77.53452253518691, 11.930688949035812], [77.5012047532968, 11.938881074102312], [77.49472497787548, 11.930595513072547], [77.4867951805532, 11.898685779025527], [77.48805621802012, 11.890909081389054], [77.46469159204338, 11.899629067127819], [77.46597592374997, 11.876345961097286], [77.46182153253773, 11.853403645062201], [77.46716952465391, 11.848229315630476], [77.46247822469036, 11.832522047254713], [77.45337592545866, 11.815573200043218], [77.45181068691375, 11.80044391965123], [77.44200431025075, 11.78077533281538], [77.42338498582848, 11.77133739670353], [77.41233676502975, 11.773068176155448], [77.39270302242659, 11.785141507174842], [77.36586671567642, 11.787297236078643], [77.35637186506955, 11.772984764035698], [77.33678926691118, 11.767815953743309], [77.29527884824029, 11.807117874890082], [77.28875555192724, 11.798485141376204], [77.25208504888593, 11.81112315760771], [77.24743439827893, 11.796845517206918], [77.23739083262086, 11.792387149747185], [77.19989561618979, 11.791384982131262], [77.17608756329048, 11.782741662697617], [77.14730453277804, 11.780422553058429], [77.13745165936666, 11.76936727977619], [77.112831921556, 11.77149724310334], [77.1132541730417, 11.754277243100319], [77.11941688707975, 11.721219410247613], [77.10632749661676, 11.73150954752765], [77.08587377105772, 11.732232735552373], [77.0838330798328, 11.737875549716875], [77.05994835433313, 11.76602439900688], [77.07170375432486, 11.78034669704249], [77.06235267293755, 11.78749561123351], [77.05102704366317, 11.785823660033941], [77.03732495138547, 11.769916526326654], [77.03207889472526, 11.772910811884515], [77.04139183766324, 11.792167152192349], [77.03242529379236, 11.803172322444766], [77.01402464582083, 11.811170434967664], [76.99992136777695, 11.807437953498777], [76.98227758204484, 11.809155266502387], [76.98437324522916, 11.799113305234926], [76.96912914569356, 11.77328166891391], [76.95388843840078, 11.7893759065729], [76.94524524487218, 11.784755385952337], [76.93606139331871, 11.788889021711043], [76.9089805231327, 11.791213317740471], [76.89727964543937, 11.77381986999103], [76.89784030258795, 11.758364071844483], [76.89022813681913, 11.732510081075418], [76.86288097108002, 11.706661368427433], [76.83938022012114, 11.656890043640658], [76.83909666567865, 11.637197799239118], [76.84826337525465, 11.631296156592384], [76.86043538618418, 11.609752268352565], [76.85687244041083, 11.596556545648127], [76.845490227592, 11.591915342419156], [76.8259370120835, 11.60505258400957], [76.81771450342166, 11.604006488109007], [76.79009188343372, 11.611335922314993], [76.76058078517514, 11.614413771978036], [76.63440606219007, 11.611265519787935], [76.61657071816416, 11.607842090340228], [76.58339967865231, 11.613055200337271], [76.56211141281153, 11.620212950367431], [76.55546050359942, 11.64304322166737], [76.54874311380371, 11.677754796246916], [76.52123597216246, 11.701370670320216], [76.51234036411654, 11.705198967358513], [76.49339645818003, 11.689491208852246], [76.48172918815158, 11.685234033224106], [76.45937568883704, 11.662192825938234], [76.43137534459652, 11.666327781002337], [76.41805583111176, 11.67155428909922], [76.40997774187935, 11.690078640616832], [76.41083724194522, 11.713735110986647], [76.42571780763075, 11.720561579553305], [76.42674738298541, 11.728479755836133], [76.41429196420285, 11.747593262219311], [76.41206296213608, 11.75679270262117], [76.39833962697224, 11.749785709542891], [76.39135544609701, 11.751939202732046], [76.3798972135856, 11.74308660656169], [76.36353733148275, 11.746764533356554], [76.35371676441719, 11.737335931308223], [76.34241060186781, 11.737437238138057], [76.31781054122354, 11.750623189708506], [76.30716290634314, 11.782879954146608], [76.29075432235413, 11.791551796478302], [76.28213682155712, 11.807435486658449], [76.2601039791154, 11.806427816990208], [76.25134818057415, 11.801921782764111], [76.22536740967826, 11.80660682974144], [76.21226375776627, 11.826118147634475], [76.21394713575177, 11.838283821041557], [76.21009871998001, 11.855580523322544], [76.19061982984135, 11.87024025058713], [76.16910502028054, 11.866466252815371], [76.15587184081284, 11.86742432397341], [76.14543146638914, 11.863501745609142], [76.13203814104742, 11.851144187454338], [76.12288112616312, 11.84939593327573], [76.11437792829884, 11.85751510893516], [76.11370307883408, 11.88266994965852], [76.11479989829672, 11.93439779811996], [76.11396785093564, 11.976941086362103], [76.09729648414549, 11.967863004074445], [76.07875955920633, 11.967520939739643], [76.0354106654699, 11.938947194957109], [76.02422356866282, 11.941164427596334], [76.0097007541865, 11.938054075535206], [76.0039050948443, 11.929745216668437], [75.98189001940892, 11.931042310654163], [75.95389082270339, 11.939932718819989], [75.93655804681646, 11.937103320361985], [75.92497951918949, 11.941587925542365], [75.90911153926618, 11.940706212221983], [75.8819438584224, 11.946600528091949], [75.8561413727262, 11.962882610743918], [75.84944606218608, 11.97609160294519], [75.8355063132658, 11.980431258096132], [75.82928721982938, 11.99006485520897], [75.83238918031645, 12.008620875453062], [75.81668163405021, 12.021863513990013], [75.8149511064085, 12.029804887385694], [75.80465941869727, 12.036016971506058], [75.80081644202522, 12.055206038927622], [75.80633420006336, 12.073697724370504], [75.79993185627023, 12.079936329498082], [75.76741355639058, 12.084226141523288], [75.7432583058262, 12.077794615629045], [75.73238368475933, 12.069700876394393], [75.72133944885655, 12.067661810244374], [75.72139721590884, 12.084002829966664], [75.70482904092756, 12.089068422369849], [75.70574744568813, 12.105865616005417], [75.68825592327232, 12.107751688589588], [75.68236389797556, 12.098563490612662], [75.67162129019044, 12.095483978103175], [75.66219542118182, 12.099767073091982], [75.65197165476809, 12.11102853304044], [75.64634275581358, 12.136204156196925], [75.63885674244477, 12.14781139737812], [75.62078797578454, 12.154320483503568], [75.60119912463995, 12.151881378223095], [75.58035048518678, 12.156066166520418], [75.57383373054228, 12.170761671513958], [75.5557589663033, 12.181412711227665], [75.55206402703328, 12.193650191902861], [75.5362069010277, 12.20432796486375], [75.54115502848185, 12.216286379612768], [75.52847538443149, 12.224846722198492], [75.52648889354765, 12.234079607487956], [75.5068994146763, 12.26832379450758], [75.49693213670878, 12.270286260002933], [75.48557800522082, 12.291312810537818], [75.46996734651589, 12.30048770844104], [75.46110167060567, 12.29364435150569], [75.43331858998101, 12.297048244081225], [75.43297179341357, 12.30456726796507], [75.41882161662437, 12.326485403678475], [75.41247413507335, 12.346346156749803], [75.42018069008685, 12.353441403897705], [75.42382037680898, 12.371738175676342], [75.4138015245208, 12.37957378430275], [75.39941412276363, 12.380213398329715], [75.39296689920309, 12.388402027731445], [75.38077435405324, 12.391603901099188], [75.36770379899122, 12.4119557676446], [75.37261898517806, 12.433852981529924], [75.3686499658233, 12.456556898981773], [75.38794938905312, 12.455628095360339], [75.3940836737226, 12.450030163661154], [75.40570521232576, 12.4525285837272], [75.42478014318914, 12.465043604179016], [75.42655920184575, 12.471232770875702], [75.41666663775521, 12.501659669458206], [75.40638398823052, 12.494543969928316], [75.3994161669226, 12.502739853261687], [75.38511514594728, 12.497571837070666], [75.37199734230359, 12.488367861387758], [75.37408311114672, 12.473684605160429], [75.35760627760766, 12.462904005515497], [75.342773661975, 12.460912319248166], [75.34084514588682, 12.487783849744915], [75.33667046057337, 12.495083616215993], [75.31591472828217, 12.496833449604082], [75.30597683925976, 12.50230683689108], [75.30629129170978, 12.522081192992687], [75.29333981048393, 12.525458453045246], [75.28265535466096, 12.522893064963], [75.27386062177032, 12.544612650153738], [75.27233980883517, 12.558258320764935], [75.27826809929343, 12.568820354575735], [75.28824294145863, 12.569738860060397], [75.29287849514651, 12.57962705254647], [75.31779726383274, 12.573448525728907], [75.33008996378084, 12.581922767221954], [75.32948855745104, 12.589981174791433], [75.30978867510731, 12.592638738886762], [75.30297131847163, 12.603819535942876], [75.27807758151522, 12.61637236839016], [75.2716521647157, 12.613687910968338], [75.26347818347142, 12.597695159104376], [75.25147737468114, 12.583876615413544], [75.24127904649083, 12.578650055155947], [75.23944660048028, 12.568787635441083], [75.22409132225675, 12.567302030064695], [75.21515734553515, 12.578049964534273], [75.21060297184971, 12.601900066135215], [75.19970356546725, 12.610772810716696], [75.2024051558733, 12.629718466733891], [75.18346256654428, 12.632015784900602], [75.17085046247894, 12.621127581372832], [75.15566214159463, 12.624126709779887], [75.14189478461668, 12.642340868936003], [75.15102594669014, 12.646426216496764], [75.16202035835289, 12.668603596179082], [75.1451359808409, 12.677417245409572], [75.13246384163307, 12.675333611556994], [75.11313504024997, 12.680383518884355], [75.10483763784674, 12.696007250134528], [75.0919949350183, 12.699148609021165], [75.08530924362674, 12.694108446747464], [75.08777650578116, 12.680395376445517], [75.0834370745614, 12.670848753667087], [75.07056768255256, 12.66243962848614], [75.04798575993493, 12.664478963533384], [75.04325248411493, 12.674946617092758], [75.04481192652923, 12.691823644445662], [75.05697835356824, 12.691109580942452], [75.05590228416315, 12.707794656098542], [75.04976961107877, 12.719075821092304], [75.03816970476811, 12.722950429618663], [75.01902253766002, 12.71908435026262], [75.01425177090255, 12.712131148333867], [75.00296619113686, 12.718012266652806], [75.01209106604989, 12.727163531272026], [75.00007522329298, 12.731713364280381], [74.99155573870644, 12.742459449743876], [75.00845422478272, 12.764735311485481], [75.00392401947795, 12.777833704162163], [75.00507209669996, 12.789785616812821], [74.97030615270683, 12.77681550882869], [74.95375428513222, 12.783514656776049], [74.92879126260675, 12.775535485774071], [74.89381338527954, 12.760271439275527], [74.88485735987933, 12.752932930910106], [74.87507996656728, 12.759440560133783], [74.86303796792794, 12.758281100192676], [74.85968557233133, 12.773325632971648], [74.84568344193735, 12.792536910949707], [74.82837124074024, 12.831290702503964], [74.82244950004446, 12.857112176485828], [74.80712498043357, 12.894686705926802], [74.79914199630616, 12.958648811893227], [74.79024572725854, 13.004742627170572], [74.78274735900345, 13.030880295589213], [74.78161520517762, 13.054294282655064], [74.77242638127251, 13.06953146820274], [74.78350900743482, 13.070115590462194], [74.77937579255882, 13.09041409663331], [74.76631300404193, 13.090854315674164], [74.76305559394058, 13.118764107177867], [74.74909732887869, 13.185528200266276], [74.73873801304893, 13.203776145153029], [74.72845851564801, 13.251904047034202], [74.71412645187434, 13.287842154791633], [74.71202029629967, 13.310651670638151], [74.72472550178054, 13.320898930041665], [74.71810132941289, 13.335376091333615], [74.69463020032356, 13.357597572869736], [74.69416498912301, 13.397681510293523], [74.68591923478493, 13.44172543158345], [74.69207681009675, 13.448250439306378], [74.69967472340983, 13.415530156191778], [74.71087257161196, 13.402842427236294], [74.73221986355594, 13.40274333094004], [74.73853038297085, 13.389970288697896], [74.74546736832446, 13.3926440549792], [74.73742767654608, 13.414246169824935], [74.71423069678929, 13.419690616928506], [74.70669519912417, 13.425883255008273], [74.70680848672237, 13.435848481622202], [74.71676306716188, 13.440749203113285], [74.72375149733381, 13.458789526915211], [74.74572323983568, 13.454026166074755], [74.73280707228861, 13.475685475104626], [74.7161412785972, 13.467249428718219], [74.70645134525341, 13.444002255100031], [74.7009340800438, 13.44498564307304], [74.69826870173927, 13.463420340276514], [74.68936499889566, 13.462985413745912], [74.68551545267604, 13.472578620506965], [74.68172456923355, 13.502027598095253], [74.68109595931111, 13.526063699280371], [74.67485868967685, 13.567793030024347], [74.67197727173374, 13.599766998148482], [74.6637494957427, 13.63095577628809], [74.67575396747168, 13.623389732250416], [74.68554810705956, 13.638369654136284], [74.6979549867333, 13.63552882079847], [74.6954737005509, 13.619257825887985], [74.70879738059472, 13.614793075040438], [74.72815655478121, 13.634996470710632], [74.75030902324289, 13.636148520238066], [74.75409573203245, 13.643799920729805], [74.72906018278127, 13.64656083671332], [74.70461823914047, 13.651784102754164], [74.69555959749749, 13.66680778924814], [74.67950614769063, 13.675141962231805], [74.68234247632427, 13.681237817970953], [74.69937198552878, 13.69623411111536], [74.68184677271046, 13.700505697480025], [74.67187719337784, 13.680351596349169], [74.66905435097755, 13.648733177893916], [74.66007624362379, 13.650865804113607], [74.64962793897826, 13.662988488128292], [74.6405144521803, 13.696126709580028], [74.63955481170524, 13.713380256993332], [74.63245968506646, 13.729048365289884], [74.62802232037382, 13.778719233106187], [74.61432902706298, 13.835267554753898], [74.60653816510427, 13.858550923386474], [74.62117712252626, 13.848111078663408], [74.62635758443503, 13.858920906274875], [74.60844711734063, 13.866140984718697], [74.59840308043789, 13.87845385556102], [74.58707186997088, 13.920480870895517], [74.57954213246347, 13.927340843704997], [74.57503324558786, 13.93963077913719], [74.56684396237904, 13.948540150407666], [74.54934822124346, 13.95278306548613], [74.53762583536405, 13.960135198580588], [74.53754780658608, 13.973054329393847], [74.52292748131828, 13.979373481401069], [74.51580271302487, 13.989453236677605], [74.50596528457027, 14.025518359284888], [74.52444200889164, 14.024793694573418], [74.5236023271857, 14.033893279651181], [74.50105196177867, 14.041098890701278], [74.49827102059118, 14.063352621926015], [74.48338361915876, 14.09971341823973], [74.48405380473935, 14.119865771088541], [74.47799779526213, 14.139159583448077], [74.47459204198918, 14.169339067743806], [74.46496835900263, 14.198195981159643], [74.45379816675205, 14.205730030916243], [74.44557434867733, 14.223957276107456], [74.43466296512378, 14.266858160875472], [74.44915341929493, 14.259479026535871], [74.45815854677954, 14.25000981560055], [74.4701674134954, 14.255662038472337], [74.4966100519124, 14.244351390104612], [74.5159263473231, 14.24044738094193], [74.50528002994946, 14.256497639054828], [74.49102961382567, 14.263620718421464], [74.4883297887888, 14.277845172017123], [74.47899548335494, 14.284140844524416], [74.44358821032768, 14.281072520480507], [74.42728830221341, 14.29343542780282], [74.41406012387569, 14.311868249919826], [74.40818578284768, 14.349515805210274], [74.40349260869698, 14.36951165264071], [74.40502074391225, 14.381718897209396], [74.39740117492431, 14.408291817713291], [74.40302049699841, 14.419041296318824], [74.38711187041656, 14.421290945920475], [74.37547596334508, 14.464193017793605], [74.36182012320018, 14.487181130005183], [74.35670329911801, 14.510557839272906], [74.36432108475032, 14.520688778564306], [74.3727678546528, 14.521973688534956], [74.37834509205243, 14.509478061063703], [74.37324056080331, 14.496838063625773], [74.38032780398504, 14.487255611857051], [74.3807809903505, 14.462788336112851], [74.38578856928712, 14.453241805964637], [74.4077186174203, 14.448294347606122], [74.41188735012116, 14.470927818464077], [74.42691134598186, 14.47189931020506], [74.40762311121767, 14.487481387556045], [74.39324469548637, 14.508222451005338], [74.38670372299845, 14.522779478390248], [74.37886005464787, 14.52963682428009], [74.37760052264605, 14.540528238387537], [74.36906266401081, 14.542856556185143], [74.3634198021822, 14.55786326257953], [74.35230217080857, 14.535975768566914], [74.35209118086334, 14.525325343989493], [74.34103178149155, 14.516576878520198], [74.33082342765914, 14.514176435993761], [74.31466054474839, 14.51791811842645], [74.30858109084471, 14.537918638734254], [74.3142521149432, 14.551222077736725], [74.30808620381532, 14.56076897930501], [74.29460498773005, 14.591922708166521], [74.31421439287999, 14.596273434871193], [74.32930947295387, 14.603426628036516], [74.36627065756483, 14.591834734685335], [74.39048421657338, 14.59419414834133], [74.41240327948782, 14.607446339477008], [74.41445588583053, 14.617029451348174], [74.39144112131078, 14.603775833887653], [74.36371386250482, 14.598249883025744], [74.34579629796082, 14.608954993578152], [74.31944549381456, 14.610956812506913], [74.3054623633974, 14.601337701673629], [74.28468677587404, 14.60852190076514], [74.27875859693177, 14.619433121541363], [74.28517714560883, 14.639556722165025], [74.2763775249029, 14.664320796667482], [74.27946643982438, 14.673135811068903], [74.27591846866244, 14.68875831744242], [74.2558958259317, 14.705697862966076], [74.26546813154908, 14.713327743580578], [74.26253756205892, 14.722413403555777], [74.23658193261014, 14.74728301350035], [74.22403645751655, 14.744658115479695], [74.22452559338149, 14.73605130132654], [74.20387861790397, 14.732798210668932], [74.20019610906326, 14.720176078263478], [74.17969919266369, 14.745520979009996], [74.16688214479518, 14.752103433626587], [74.17716039663503, 14.76666013455764], [74.16338546107022, 14.76573400462064], [74.15945327884577, 14.750797173750641], [74.14366857254663, 14.77448250066692], [74.10783526548516, 14.785595755939426], [74.10288773787886, 14.803294508235012], [74.11464904821509, 14.7989125732567], [74.12317937233024, 14.8058690990797], [74.12511695268529, 14.833463760943857], [74.14601385335669, 14.834699817042974], [74.15801726388565, 14.831202967842728], [74.15675446374757, 14.812827079106455], [74.17099716908416, 14.828623764375266], [74.17061934950345, 14.840638008137603], [74.17887400533112, 14.845113691143979], [74.17618473923437, 14.85509918757748], [74.19167708762757, 14.86356927240405], [74.21580775162647, 14.868378324200364], [74.22664096610777, 14.86037973143948], [74.23415832984313, 14.871643423505247], [74.20869211684777, 14.875791491584096], [74.21171252771103, 14.88679713937654], [74.17626085335576, 14.878866994016619], [74.17318427803207, 14.869361973876039], [74.15406752959285, 14.857740960476974], [74.14249732519147, 14.857132125747057], [74.13753713513074, 14.845846642208812], [74.11250079897275, 14.845796508602064], [74.10720106357826, 14.865550175800024], [74.09652526642793, 14.88009636995156], [74.09686228556609, 14.893255512731798], [74.08801970874259, 14.895984125966663], [74.1061082883669, 14.913749785124537], [74.12517623869252, 14.915244530310872], [74.12934868649273, 14.922258059661772], [74.14243334382382, 14.921117789454456], [74.16314815786126, 14.911879184476845], [74.16719117972923, 14.920542671207386], [74.15925568070514, 14.939357217761426], [74.16546842133062, 14.953602412421446], [74.1799482670989, 14.955980440245185], [74.19764571717616, 14.940465048523208], [74.19657852587835, 14.930037118917937], [74.20536209458504, 14.924045744615455], [74.21829048032146, 14.943956437040015], [74.23533528429601, 14.949085729322974], [74.23754342838657, 14.960101442327755], [74.25583428352542, 14.960178530414908], [74.2677257617346, 14.97784173340932], [74.25544707142524, 14.993367787493469], [74.28365211934988, 15.02420842907577], [74.28290978475883, 15.032716065993725], [74.29624375214752, 15.042455472841823], [74.28885975517363, 15.056869148292606], [74.2891191070612, 15.065266541817493], [74.28105357686115, 15.071915950061111], [74.27484632389877, 15.1043832664746], [74.28205272994961, 15.108125581130707], [74.28691451079607, 15.122506779364414], [74.28334455300876, 15.145658507034511], [74.2916682273069, 15.148838318233857], [74.30475367514202, 15.164553756051077], [74.31585171838213, 15.186585522004293], [74.31086273652613, 15.193585106467538], [74.29593747903147, 15.230620929412396], [74.25712510833716, 15.244343601775824], [74.25109192994864, 15.260075507079023], [74.26156922963628, 15.26084378171521], [74.27027160844801, 15.276890147562312], [74.29608820540642, 15.288312914409516], [74.31225885126503, 15.284380125142718], [74.32806162134682, 15.285324892629717], [74.33560189261328, 15.295391063646719], [74.32185843062211, 15.315713570924629], [74.31718802910433, 15.332015033067364], [74.32229280047244, 15.345814648727128], [74.31644263771761, 15.359655759106033], [74.32221175177096, 15.369657260774034], [74.29942737017706, 15.382892125571175], [74.28361456456054, 15.383604611663543], [74.2762512987585, 15.391001373614529], [74.27815975277042, 15.403875623761053], [74.26919262434018, 15.426262707358092], [74.2762691044357, 15.435641731580688], [74.2761164499143, 15.44545898464446], [74.26609014494431, 15.467562388793283], [74.24977673171088, 15.491824718036355], [74.25069556095144, 15.49906187280726], [74.27545419365617, 15.51524949966472], [74.28085007916786, 15.528294551752197], [74.27647426587475, 15.543855367331389], [74.26606035670017, 15.556526808665353], [74.2477171358372, 15.568087848075777], [74.24978155837226, 15.584805782660794], [74.25858582857319, 15.592408839196594], [74.26091733626612, 15.619280424552016], [74.25283353094278, 15.626679718993898], [74.24863624656558, 15.65641107561072], [74.23833988148039, 15.667822187244212], [74.2248304356761, 15.66870805543249], [74.21730623709323, 15.652506489083237], [74.20640408238256, 15.651218620343116], [74.20470240409276, 15.663161447143125], [74.18939774241193, 15.667090461055977], [74.18317635930157, 15.683146510802885], [74.16840497131244, 15.672328341080117], [74.16639864228358, 15.654229064020114], [74.13560308911133, 15.649285153487085], [74.11876599165726, 15.65245774942565], [74.10470636760482, 15.657195100073864], [74.0906155487686, 15.668122802725236], [74.09314084597332, 15.674500519483445], [74.1102088749397, 15.672935553433092], [74.12635796494817, 15.680553553104062], [74.13432582157947, 15.702504483495147], [74.12830375431486, 15.711388180919869], [74.12760370674573, 15.724308586971745], [74.15298161530933, 15.73648137311693], [74.16056182097134, 15.751365437165248], [74.19013544459517, 15.752346880803941], [74.2044464282601, 15.760707796027987], [74.21054094940536, 15.78086638657453], [74.22870259265056, 15.788940149168582], [74.23358852119338, 15.782866540858208], [74.22839454427287, 15.761735605114154], [74.2371593648129, 15.746531187264509], [74.25227719683522, 15.74552921390216], [74.26741730416529, 15.755263399286491], [74.28566523376361, 15.741466531055607], [74.30661408467233, 15.750452112674907], [74.31772798835601, 15.758690058199647], [74.32342991046204, 15.772533349434582], [74.34472866419657, 15.765523177252874], [74.35868458472584, 15.775816087142744], [74.36939962918962, 15.798859335889688], [74.36300291695113, 15.814288223622668], [74.36841186601487, 15.829624606190691], [74.38337647244629, 15.838425556993911], [74.38132738335213, 15.849222348032981], [74.34753282947656, 15.850199002781778], [74.3467194745242, 15.861333712281066], [74.36380777870608, 15.877771542222945], [74.37701544260864, 15.879862782541409], [74.38242560305918, 15.859323438825697], [74.39709702330902, 15.851079548782195], [74.40625519831883, 15.85975743905459], [74.39315887947873, 15.87644835081079], [74.39653056733187, 15.880352998492128], [74.39231820941791, 15.899804991707072], [74.3857789501385, 15.903236498865397], [74.4293330817564, 15.953229265518246], [74.44412029781353, 15.985272941892788], [74.44382050970881, 16.000553904639048], [74.4581252233005, 16.02458118527352], [74.4645046658577, 16.04255042036567], [74.4621972258214, 16.048694585886494], [74.43456266463534, 16.058992702851015], [74.40951183949983, 16.053043872776584], [74.3839038187063, 16.037111382684202], [74.37238948378769, 16.038604072919668], [74.37556427856867, 16.055540505889667], [74.36475767232878, 16.061528635438208], [74.38431117022441, 16.081885760319608], [74.39795972226341, 16.092932255319397], [74.40917952201738, 16.09376541694047], [74.4124279748712, 16.102832464546623], [74.42863061950754, 16.112564615664553], [74.43861207438778, 16.107129052064124], [74.45874389481497, 16.10406700528813], [74.48338793680392, 16.089302084323776], [74.49073772626514, 16.103544096283088], [74.49144736870119, 16.11433427550645], [74.48525134647252, 16.14393972793613], [74.49211926659092, 16.183254760299008], [74.50726093244612, 16.19017195966825], [74.50767421049648, 16.20313523820073], [74.49750552755813, 16.21345112576887], [74.5026731282623, 16.224823402877803], [74.49743521226532, 16.23291234962528], [74.47834838876719, 16.248604401471994], [74.47028140975931, 16.240898388749713], [74.45756026379519, 16.243687994905088], [74.45535826836942, 16.250289194990387], [74.43681759955263, 16.25140437681057], [74.41648222657358, 16.25928446230813], [74.415154258862, 16.28240722731175], [74.3850820816728, 16.27741694233805], [74.3841775750351, 16.29204472928086], [74.37383022828249, 16.295300761620922], [74.35624562063896, 16.288945709576865], [74.34877143155637, 16.276302053696895], [74.33060460731684, 16.267535288822558], [74.32220736577739, 16.28122881325919], [74.32991994984587, 16.291963268689926], [74.34231276592146, 16.293265247792988], [74.33082253283368, 16.32515896581367], [74.316491184021, 16.326893968481897], [74.32792351066155, 16.342273250510175], [74.31717386478209, 16.355367569257965], [74.32574422311745, 16.35869370285218], [74.32111566705447, 16.36984131312613], [74.32851157285086, 16.39044417775665], [74.33934026823886, 16.391244273104746], [74.34549225966009, 16.3680494975863], [74.35530396660482, 16.36649548527845], [74.35324202799723, 16.380562307504533], [74.3623599763319, 16.39289922531907], [74.3582116879191, 16.404963517252554], [74.33619957844786, 16.402215361749597], [74.33081122206033, 16.421910974112222], [74.33730038910176, 16.427247953130575], [74.33239362866311, 16.45384130443273], [74.31537598691233, 16.451720598726695], [74.30045509202893, 16.461256719222263], [74.2896279119986, 16.460684851125052], [74.28814944544064, 16.47601159565869], [74.29323360884405, 16.504271219840973], [74.2822286975964, 16.505418471485314], [74.27375955166201, 16.491002079182635], [74.27578725128069, 16.484225907000052], [74.26197513774247, 16.477683195223335], [74.25323587593499, 16.492550847543612], [74.25627834716806, 16.500592118531472], [74.2718717667687, 16.502663847158885], [74.27996243301993, 16.50840323052472], [74.26985610367632, 16.52223815176933], [74.26475814916932, 16.540276577102418], [74.26958765784417, 16.54613574746685], [74.30028010824049, 16.53079538449947], [74.30751685112182, 16.503742672985993], [74.31734479622543, 16.507940022114383], [74.31565939746326, 16.54612309670358], [74.325609501977, 16.555308321521863], [74.33964865656031, 16.54807052643372], [74.35924734359008, 16.55868374605808], [74.3561884030724, 16.54036102164389], [74.3647530390216, 16.539271641373205], [74.37914693838059, 16.529039162327535], [74.38939887875529, 16.537300447957364], [74.38924914073533, 16.56112955218714], [74.39727898044066, 16.580269641630707], [74.42273180972529, 16.584338428175954], [74.42747549160072, 16.59595527051937], [74.44094813804617, 16.6019350777417], [74.46654412051481, 16.606399628939755], [74.4654517859712, 16.62336159366265], [74.45852428756587, 16.635564799376027], [74.4588496290072, 16.65450759464983], [74.47148521077389, 16.662335875600206], [74.4800165097542, 16.640692487268495], [74.48970145006194, 16.629253225056345], [74.50453619708787, 16.633028039412523], [74.5244286557579, 16.632196783454845], [74.54587187208926, 16.634803663558273], [74.54428818844917, 16.59380154170782], [74.56006253186041, 16.59199765456816], [74.56433007936971, 16.58285968912338], [74.55418297296586, 16.573004315596734], [74.55415517492145, 16.56139694311446], [74.56859909007602, 16.55362885558725], [74.58658897180368, 16.557208124955025], [74.61173678972114, 16.569623117413016], [74.62172186257396, 16.582585472341748], [74.63535470885279, 16.58359461060286], [74.6359627926488, 16.60632725869607], [74.64257788366245, 16.609710262718522], [74.65881265118298, 16.60271856620892], [74.67354591061536, 16.60820128306284], [74.68544095733438, 16.60610503352052], [74.68935262602292, 16.616836533779065], [74.6554153839129, 16.639193291337392], [74.66669161432662, 16.66512707535429], [74.69114988066252, 16.676562600883358], [74.69097480784114, 16.712105953027333], [74.69325209360932, 16.71676155080496], [74.71758317872076, 16.714863605371136], [74.73183227913643, 16.71741157088735], [74.7493884691026, 16.727761018456306], [74.75914267969097, 16.738361922764568], [74.77041873563621, 16.742355076325737], [74.77438522160077, 16.75015154375876], [74.79588717805086, 16.747219458910934], [74.7996067713355, 16.75232980247847], [74.8460142089886, 16.761897963120532], [74.85065199749175, 16.772344731724047], [74.8884877062427, 16.770270663060728], [74.91978719542277, 16.771542401560623], [74.91180997415103, 16.787254013661823], [74.91175452465166, 16.81178232009802], [74.9078616499952, 16.857454984659853], [74.93309081518902, 16.87068249749933], [74.94465909324259, 16.88159920953592], [74.96021310994712, 16.879401526359402], [74.96338984456571, 16.90687378779512], [74.94889083244601, 16.907980371197198], [74.92298234096234, 16.927079377811083], [74.92446144603895, 16.93665976113914], [74.93438145474039, 16.942440950389596], [74.95059748308745, 16.93147219188819], [74.96281765001459, 16.93711787219212], [74.982003139933, 16.93049987456959], [74.99995884652361, 16.947307518327364], [75.02666439994215, 16.943022782975106], [75.03087064786217, 16.930245327759735], [75.0445955829199, 16.940205324815963], [75.0619058667624, 16.94076992009576], [75.07953622381774, 16.948107780050066], [75.09076266866231, 16.94873884692032], [75.09134011255622, 16.922682274867157], [75.10360580676263, 16.91107064949091], [75.11548469806041, 16.9115203446882], [75.12031524365364, 16.902004647796332], [75.13519342613574, 16.894496070437356], [75.13794385512489, 16.875129484038496], [75.16866818468901, 16.866421073473816], [75.18667125317586, 16.87511872005291], [75.18954128390317, 16.871186239253575], [75.18018879147962, 16.843681445742163], [75.22717015577814, 16.84258644291009], [75.2381951830613, 16.864616903947024], [75.26560415290936, 16.86252997497843], [75.28014647368087, 16.875908612592468], [75.28915589003236, 16.90277921588813], [75.28294238678177, 16.911056520242255], [75.28197389967579, 16.955145006536895], [75.30353947686541, 16.95627116638127], [75.34289126721825, 16.954146562114204], [75.35719826868518, 16.95851644078118], [75.36935485264439, 16.970313546832756], [75.39249757720148, 16.97800980730682], [75.42890165159002, 16.96511446086373], [75.4417240288409, 16.981141477796996], [75.46592363216996, 16.986986987459545], [75.48058394669187, 16.977621009701863], [75.48778141168287, 16.967078833821176], [75.49112079229081, 16.94689643462283], [75.5152145993743, 16.953654768752642], [75.52824458871686, 16.96754723941359], [75.54109527662575, 16.964854732160234], [75.56873761065225, 16.965357877663962], [75.5682797819864, 17.007870518809455], [75.5741895383166, 17.00950244658071], [75.608024077849, 17.0048301295069], [75.60918404680638, 16.971379824419387], [75.63496135328387, 16.967585817631402], [75.64368410713587, 16.952835239055105], [75.67012034148064, 16.960346900189336], [75.67719510387099, 16.96575248668796], [75.66740634672556, 16.985002315904183], [75.67183618679064, 17.027916870367335], [75.6709719598881, 17.03746867234139], [75.65266256882256, 17.03236290542378], [75.64236694208074, 17.038116852410838], [75.64649875581301, 17.04827968525933], [75.66137474574799, 17.063478116322074], [75.67715156319412, 17.0645718223318], [75.6798215352357, 17.072848536730646], [75.67280507049765, 17.11520335854823], [75.65226650559481, 17.114773700246133], [75.65134966655393, 17.13435566528176], [75.62993939238908, 17.16166074095048], [75.62655076940257, 17.171691198090343], [75.62922910963573, 17.18772210369218], [75.65605557150747, 17.20534113648432], [75.66251780924955, 17.215305475467346], [75.65850302969113, 17.262941542618137], [75.65608217795022, 17.2720646233837], [75.63083478349853, 17.27369101852571], [75.6231618856126, 17.295247942438664], [75.6043801517227, 17.3046829809349], [75.61446243319477, 17.330158687173707], [75.61153419115004, 17.343695776339075], [75.5823713094884, 17.35270592653734], [75.57683714062159, 17.384264991536156], [75.61422579368548, 17.39320361505486], [75.61384195674094, 17.423351361376263], [75.623762422298, 17.45939235787108], [75.62971989126004, 17.46246720020116], [75.63406131987409, 17.478787422201833], [75.64807486446347, 17.474693725335214], [75.66085922107624, 17.460981723427835], [75.67946492526613, 17.455287107414108], [75.67942722928325, 17.437501844834344], [75.68986474026559, 17.413974661001873], [75.70678083506755, 17.409707090110146], [75.72116130754836, 17.41316389789563], [75.73586424363998, 17.423288435812708], [75.75766380104363, 17.409808511153926], [75.76871423057736, 17.408263492965887], [75.78130533187561, 17.380266362902375], [75.7900484976401, 17.37445146256499], [75.81042097125089, 17.37142581225146], [75.81670499034311, 17.38222128668309], [75.81539020579339, 17.39927628627163], [75.82110309243382, 17.42111925484977], [75.83805779333255, 17.421988170817485], [75.85521826091406, 17.40914332850184], [75.85835727886541, 17.390460711592596], [75.8641323455314, 17.387944414802973], [75.87595886930643, 17.398463142659978], [75.8764342104705, 17.41283499963555], [75.88656977947181, 17.418812586431784], [75.89372262729745, 17.407397801967022], [75.895760717683, 17.371530076052238], [75.8930354085573, 17.355177580980637], [75.91013398119833, 17.347393872229475], [75.93065003337239, 17.32572225957466], [75.94130051190916, 17.32647303610179], [75.97116199592944, 17.338085340466137], [75.99998585206549, 17.339396317286287], [76.01523539249945, 17.352253724030163], [76.03650201885313, 17.350618004717205], [76.05442658641789, 17.355964637957698], [76.06311822822369, 17.35357641002338], [76.07344029863094, 17.334026824178636], [76.07872211773162, 17.33176631436396], [76.09410089434084, 17.348790363784303], [76.10202810071632, 17.36395308906384], [76.12130911662251, 17.368045331726705], [76.13776441229783, 17.354299253607735], [76.16340919018205, 17.34266764169837], [76.16406254764848, 17.302139254822805], [76.17605347468816, 17.299025157085396], [76.17921656299404, 17.31572456293827], [76.17378171255604, 17.334018288713082], [76.17259569113827, 17.350490917022228], [76.18321541196173, 17.358261756474917], [76.22942540345969, 17.365016172258606], [76.23081578681916, 17.372026350735553], [76.244838249086, 17.376463978030188], [76.25051342085777, 17.359706564106716], [76.27075146290974, 17.358354093466687], [76.27647814784831, 17.33239137196432], [76.31791784833007, 17.33133578371951], [76.3137106633165, 17.345145955621376], [76.34440210917006, 17.35183033040545], [76.35142604367701, 17.329643265924005], [76.35310287819533, 17.312539231700214], [76.3826304556311, 17.313774242787133], [76.39394169305473, 17.338229462219942], [76.41163555483706, 17.34964398767994], [76.40903402030386, 17.37121472697811], [76.36283843684447, 17.376959452316896], [76.37089151862875, 17.409753564375535], [76.37401898838567, 17.436246904770883], [76.36471088559892, 17.43736308933518], [76.33439154413452, 17.434069362810874], [76.33150696957102, 17.47057122138483], [76.35077298838274, 17.473888876170747], [76.37313453393165, 17.48754260470747], [76.36739017281826, 17.497037620789627], [76.34669168507327, 17.493336036429014], [76.3470834639308, 17.51319291612026], [76.36720421460285, 17.518430737688448], [76.3616800282108, 17.53795178894393], [76.34073087692849, 17.54424971785022], [76.33492359924475, 17.565133492017083], [76.33232959383577, 17.596474554157396], [76.37381671107244, 17.599575324841396], [76.38288633973286, 17.602423981381662], [76.41659192817502, 17.60586368046455], [76.42502410387937, 17.623189518981178], [76.42964470813683, 17.646044328283153], [76.45330330630259, 17.657187061533705], [76.49038741384811, 17.66232465815648], [76.48573825521635, 17.671280705140475], [76.4874491200809, 17.715113130166856], [76.52482188482219, 17.71684919313583], [76.52487076117677, 17.760457288573036], [76.53942304643653, 17.76052097676171], [76.56104345798923, 17.764742313506986], [76.56940794172317, 17.74144187394336], [76.57074169387414, 17.705414262957902], [76.58839701341151, 17.709577752611267], [76.60019303757866, 17.729640835156488], [76.60546101071714, 17.757457542331736], [76.61587285055168, 17.769943959845932], [76.62840348143556, 17.7576303425663], [76.63213413458271, 17.730692299110387], [76.65237568399067, 17.722554142359854], [76.65969383710097, 17.710269154098228], [76.66472873923999, 17.689632403013036], [76.67977232233488, 17.689125410209556], [76.69219955456583, 17.681754240266002], [76.69402773868927, 17.70704081638064], [76.70247163975444, 17.7090494962373], [76.70516365148137, 17.73087413213551], [76.72934856528411, 17.738775277057414], [76.71968174991287, 17.74961430655503], [76.7226798458982, 17.769322993261596], [76.71413963373715, 17.776800998167573], [76.7210714569822, 17.786998142850052], [76.74117895164738, 17.780860161067608], [76.7506507445363, 17.788076293286338], [76.76457627877232, 17.78884845569172], [76.76816999484942, 17.798383453833367], [76.77814129368579, 17.80112036421349], [76.79004838862227, 17.828180013996473], [76.76753464270968, 17.85246882197862], [76.75632858369721, 17.858241938914375], [76.73918846147836, 17.858692551420177], [76.74238128137108, 17.899597210143156], [76.76773963777413, 17.900041834962735], [76.77637621768838, 17.878614440404135], [76.80468323884048, 17.869999247267515], [76.81014022878861, 17.884753862001162], [76.83504448781292, 17.884436921127076], [76.83371722786785, 17.892341886369024], [76.8558484039807, 17.89952632378089], [76.8832609953987, 17.894770039705634], [76.89148602575955, 17.898899361416454], [76.90235600452604, 17.91639616914796], [76.91861605019062, 17.91681315060646], [76.92136807547638, 17.93835788780632], [76.91537925434915, 17.938901717740123], [76.92174899052355, 17.987015100966175], [76.9198617227404, 18.034808229316354], [76.954287516156, 18.039313145685185], [76.9508427332056, 18.04732171192751], [76.95487925747182, 18.064979567553053], [76.94923604220963, 18.075315472231296], [76.9519377342391, 18.08387583370279], [76.96655602524044, 18.089761652778122], [76.97051986809748, 18.098648108423504], [76.95559649648118, 18.111622570025645], [76.93430684388579, 18.11247861039959], [76.92468182090937, 18.117587279429472], [76.93389979364065, 18.13804953236007], [76.92748730999142, 18.146267671216094], [76.93550871945189, 18.159341907203327], [76.9459145976806, 18.156185554819558], [76.95629197549431, 18.18631226419967], [76.99373751247629, 18.188103324308997], [77.00005976894323, 18.16833654769357], [77.02635661106882, 18.164190331318764], [77.02405424590677, 18.179708397624495], [77.03520538152321, 18.185268140512335], [77.0518818537646, 18.17472636932655], [77.05274225585049, 18.162812917082533], [77.06011230613808, 18.153913700057274], [77.08869955603973, 18.151858594498606], [77.09916121202036, 18.159712772326657], [77.11145830605602, 18.154287175912486], [77.11890244069514, 18.16918313169623], [77.09806589982145, 18.19662981911091], [77.12356281297349, 18.208244587617685], [77.14212979505407, 18.208793682182716], [77.15033750357298, 18.222945125217393], [77.15987414567536, 18.254600393393503], [77.16835811873227, 18.257439349846152], [77.17005398020706, 18.274946216494754], [77.18054005547924, 18.283344414013527], [77.19439884922758, 18.275805767821964], [77.20895456809887, 18.279489274910134], [77.20721182226782, 18.29198509213836], [77.2003854903981, 18.297021848679435], [77.19815081540787, 18.314179555342264], [77.21273429904869, 18.315224037859082], [77.23005746208224, 18.346358574288843], [77.22416216415263, 18.348664794844467], [77.23361192545008, 18.367020720429934], [77.24786091255112, 18.37202279281769], [77.23566160719747, 18.38754974352588], [77.24302706914398, 18.41004104685686], [77.26121245539053, 18.4118290600631], [77.26741314420133, 18.419782916048803], [77.29768947468955, 18.434094204583914], [77.31623480379324, 18.440796994785558], [77.32036977594447, 18.45519056139534], [77.3285749438786, 18.456531902025688], [77.34510038037831, 18.431743704108726], [77.35710866793073, 18.450183234268877], [77.3727248592649, 18.449113421447294], [77.36749040565775, 18.431319059527027], [77.37285755962876, 18.402231230786697], [77.40367913108707, 18.399359545306822], [77.41331064087342, 18.390105536741203], [77.41108699337008, 18.380079353179667], [77.39499389245424, 18.36751128531762], [77.40143448351466, 18.35514070857687], [77.39601528847481, 18.34217146663991], [77.3701314213281, 18.32394541035245], [77.35852257935363, 18.320131023128283], [77.3656374128364, 18.309923577611073], [77.38444980911146, 18.30760534391152], [77.39574632193529, 18.30260013738649], [77.41102873348933, 18.301250369209242], [77.43964937971515, 18.30819318846494], [77.44021697693199, 18.283785571047304], [77.4485440524661, 18.27186932101239], [77.46875610590962, 18.261757737829384], [77.48374214138676, 18.270447228456874], [77.49564714989612, 18.267710479954758], [77.50116802768241, 18.275164132119073], [77.51609370785837, 18.283801240834634], [77.51187812227755, 18.303958240480483], [77.52324085937823, 18.30915729767122], [77.54309445024876, 18.2956583478545], [77.55350233126762, 18.2931922395303], [77.56454930380738, 18.284973949588164], [77.57423872363825, 18.29233783232513], [77.58742703592901, 18.28496246614492], [77.60667622033134, 18.279913138880318], [77.59556734205927, 18.26369196551184], [77.58510538300709, 18.258240760902424], [77.57613777523818, 18.242477802008978], [77.58859259597159, 18.218714591105538], [77.57363890551113, 18.19114872643263], [77.58302001166425, 18.164160094312933], [77.6014621462611, 18.15391409396034], [77.59719668697755, 18.129958557641373], [77.60428326735894, 18.10155180617096], [77.6011890212564, 18.086455819580465], [77.58113916593982, 18.079022442631697], [77.5709949238767, 18.078442955478067], [77.56034336435482, 18.06432885409339], [77.54937462024259, 18.055916102845913], [77.55569714111022, 18.049110786333756], [77.55675327794148, 18.036852572688133], [77.57818311326014, 18.03294123854738], [77.58869164640242, 18.027028683526964], [77.59598579121138, 18.01243646207314], [77.61044234903522, 18.020278413617916], [77.61384052372125, 18.012768177009832], [77.62609726697536, 18.00696856065059], [77.63263392811336, 17.994847136586145], [77.65003443733946, 17.995547585252893], [77.6572816465308, 17.97173536759317], [77.6481350251114, 17.965074368887088], [77.64786373472361, 17.948781298318295], [77.63270654656992, 17.950889476468205], [77.62384214589838, 17.946839502840817], [77.62044021294554, 17.9053039175418], [77.60360676853759, 17.906084846538477], [77.58894629663433, 17.910625299617948], [77.58682695160257, 17.900778671998182], [77.5962913754467, 17.88194504542753], [77.57119098327729, 17.86857551524787], [77.56722523475685, 17.844463481604464], [77.5580501695797, 17.832956413207967], [77.54743101802711, 17.82872901773004], [77.5296852842485, 17.829263798685417], [77.52977306077821, 17.81414853962343], [77.51453350731555, 17.803902751510805], [77.50812463624305, 17.78506076933911], [77.52672914163662, 17.782117095827346], [77.5582200497156, 17.763823540923738], [77.56976048206064, 17.766681304898327], [77.56584161519845, 17.749698584721955], [77.55566017897416, 17.736969316081115], [77.54311000672146, 17.728009441582515], [77.53128950840414, 17.729694372697168], [77.49793290547927, 17.71859546700722], [77.49298919369642, 17.70935992422119], [77.46145348768835, 17.701495474336696], [77.45497507923659, 17.69028767153884], [77.44922315212682, 17.6600375418991], [77.4544167369429, 17.634976401539745], [77.44940603825813, 17.614933771376514], [77.44409156927054, 17.60673383479866], [77.4435254847134, 17.5841447104101], [77.46486551373255, 17.579737298537566], [77.47777165114087, 17.56784703441315], [77.4937349412146, 17.569024879194842], [77.5005830312819, 17.54616095706257], [77.50538424278864, 17.543677813780107], [77.53124113566992, 17.57601739588614], [77.54052320668069, 17.574137176089835], [77.5522580679555, 17.552298307520914], [77.58933632900846, 17.561224361215352], [77.59641270028595, 17.55196959092393], [77.59570379349532, 17.5355939356117], [77.62061544764487, 17.53229687709927], [77.62527762935918, 17.525207276794447], [77.64940593803368, 17.521782843703306], [77.6607464555845, 17.52434540611563], [77.67023180395466, 17.512980606869576], [77.69220373621351, 17.501606175884376], [77.68822046440295, 17.47595375556142], [77.65221833211041, 17.484227445540228], [77.63812024045677, 17.47527076543355], [77.61500537240005, 17.472959997006285], [77.61468319027705, 17.447272271098484], [77.5999303804827, 17.44572216634498], [77.57717047303896, 17.457194492132146], [77.57654603687018, 17.43253946402507], [77.55277551717643, 17.43791464174734], [77.53736428133658, 17.443923353180253], [77.51399334841437, 17.430220321110994], [77.51453779438378, 17.415524263933662], [77.53061448806824, 17.408995999765636], [77.53749075029793, 17.401877057280444], [77.52522408662236, 17.389356250590538], [77.53193294814707, 17.37517030686422], [77.52472829577431, 17.36511358232599], [77.5029881394911, 17.35711066112816], [77.48643454701681, 17.357482689974233], [77.47914743670492, 17.371143417934434], [77.45534335071511, 17.37345903100953], [77.45350312377019, 17.353048285849752], [77.46012020498353, 17.34799403209894], [77.45341300450661, 17.317945337107687], [77.43776610042528, 17.291317371799323], [77.45659383014123, 17.289713278944703], [77.4583082922939, 17.278987471394714], [77.44112118859204, 17.26446792955136], [77.42633393836064, 17.25634250450304], [77.42150633265118, 17.235906197912755], [77.4091711811052, 17.240501900842105], [77.38401883959784, 17.222860335536097], [77.39688107839913, 17.214593867113308], [77.39520495704318, 17.195511714693907], [77.37439880246279, 17.193188376442492], [77.37202414619742, 17.179607066712833], [77.3636350732001, 17.164764663758262], [77.37053826382987, 17.154487985732032], [77.37909627717153, 17.151874660187445], [77.38003584118115, 17.14108144305419], [77.40264670128431, 17.135145461593822], [77.40750399181582, 17.12646064024642], [77.43762001455207, 17.11444654757014], [77.4424835625664, 17.117874561761653], [77.46656444729149, 17.107405945927724], [77.4642259051015, 17.096192704030102], [77.48089659200417, 17.079624395049848], [77.482052515811, 17.06440647298041], [77.49726942074722, 17.03646024994066], [77.49606596327362, 17.02513584014696], [77.50346835228271, 17.01083591274721], [77.4872668686711, 17.002190513181688], [77.48239934295538, 16.99376394205234], [77.48324405187157, 16.971575459340045], [77.46810062424447, 16.956233057609552], [77.47179819043419, 16.920717065540202], [77.45741692744929, 16.912618078761398], [77.45829701929205, 16.889747758852025], [77.4616629478868, 16.882915044493757], [77.46450020372146, 16.847798923381674], [77.46072482189305, 16.827457837009604], [77.46685833044762, 16.808258963380524], [77.47590990521803, 16.80004596415], [77.47148512473876, 16.780393319596044], [77.44864962208243, 16.783783404880296], [77.4393469224226, 16.781370784634078], [77.44130528970743, 16.766891962294267], [77.43538390154589, 16.7402303587441], [77.4275072325728, 16.71833689772967], [77.4415091956929, 16.711382971846717], [77.44955802098593, 16.717644061824046], [77.47297809196544, 16.712588717195615], [77.4692645439236, 16.68219295853828], [77.4659213375997, 16.676271059561827], [77.45060998316427, 16.678055464687986], [77.4413075137308, 16.670474406468713], [77.42068725531266, 16.666682795474685], [77.42097772913894, 16.658634061912494], [77.43223863780293, 16.653981308690504], [77.43711410363301, 16.641566969140342], [77.44825854919276, 16.63972743827071], [77.46566259904978, 16.652772451687326], [77.4756123663177, 16.647483359769296], [77.45812699256669, 16.611405652948577], [77.46789801867868, 16.60881861099017], [77.46066843350144, 16.585033203019975], [77.44095306663075, 16.585205773028065], [77.42515966928335, 16.569173068782163], [77.39556180713174, 16.569164950602044], [77.40574172979706, 16.550782432962933], [77.41985162325386, 16.548026858053106], [77.41954709032603, 16.521889319136847], [77.38530935414343, 16.515560001193137], [77.37322148918042, 16.506135297705896], [77.37042108396594, 16.48814978398542], [77.32844683815114, 16.484919786119292], [77.31308852471568, 16.493296932307658], [77.30058887097965, 16.49541113411658], [77.29595435600879, 16.477603058434454], [77.25536268204218, 16.471818153185268], [77.23899106648457, 16.471971135059903], [77.26209820306968, 16.451261540687597], [77.2682985447421, 16.43402481958981], [77.28864805146645, 16.40704406013532], [77.31102807178814, 16.398099259173534], [77.33684420829366, 16.392426444524858], [77.35671729017088, 16.380774369441667], [77.37741972953694, 16.384108873925413], [77.41608249890828, 16.366943591373683], [77.43214626214035, 16.36935873241964], [77.44249708567202, 16.37871579070122], [77.48587204086203, 16.382101419844673], [77.51471235459155, 16.37456245529313], [77.52345604735876, 16.37450087781332], [77.5397953925434, 16.357377615184816], [77.55923518375675, 16.346041452151326], [77.57659115136062, 16.34046187651444], [77.58918359264874, 16.332578905991795], [77.59564923342543, 16.316541777980717], [77.59318415482494, 16.300232167980198], [77.5854988013287, 16.29065070006982], [77.56975896130706, 16.302265221262985], [77.5479244553494, 16.2915932057619], [77.53850304248147, 16.267183330146622], [77.52911776617202, 16.274308781025468], [77.50586662924161, 16.27231412789473], [77.50360369035809, 16.262373696488964], [77.49217409136128, 16.254334029891595], [77.49340407523795, 16.22889301769868], [77.51544894611203, 16.22790904246841], [77.5134838977637, 16.21952329426466], [77.4999835054345, 16.21757038946197], [77.49960964017282, 16.191724837031643], [77.49305981745664, 16.183281260621754], [77.48829989652307, 16.163176153656593], [77.49280098627656, 16.152038928753598], [77.49140774756955, 16.120445875676694], [77.50019672749704, 16.119347878102133], [77.5142018661233, 16.10825741254962], [77.50267025792613, 16.101945553144787], [77.4977897558926, 16.084372071913663], [77.50775222608445, 16.07799231549302], [77.50435172934891, 16.059038949587887], [77.49554389513469, 16.035436638190333], [77.50656220987815, 16.010390566871195], [77.51498241650535, 16.00711478451973], [77.5104215946809, 15.97757138980785], [77.5198166313325, 15.968069309551026], [77.51953069098863, 15.948386559292317], [77.51440942785285, 15.92583542766289]]]]}}, {"type": "Feature", "properties": {"ST_NM": "Maharashtra", "ST_ID": "IN-MH", "ID": "MH"}, "geometry": {"type": "MultiPolygon", "coordinates": [[[[80.66342402359987, 21.331383496451224], [80.67963797721092, 21.311927097457612], [80.67983642611023, 21.298972232982237], [80.66169998636536, 21.290180314070312], [80.65177282535564, 21.27668330768853], [80.64560920749898, 21.255500110541732], [80.63910897969572, 21.24801486699255], [80.62259419116907, 21.240734473717055], [80.61030134912801, 21.228135260533918], [80.59623518070907, 21.22541753089439], [80.5786950589299, 21.21754993158413], [80.56808838547067, 21.206519000251717], [80.54180934362637, 21.200294860719282], [80.52756549345281, 21.2041939137182], [80.51614413134666, 21.184170550630483], [80.50230251824667, 21.183932210503144], [80.48170559543695, 21.1721027891125], [80.46407944181283, 21.173487805318018], [80.45079005471729, 21.13131022908385], [80.44542653670538, 21.12210950984604], [80.44195389995258, 21.099750936556518], [80.4487866278007, 21.081375840122973], [80.44773992215971, 21.07118731634165], [80.45527768881436, 21.050443518953273], [80.45202622772831, 21.031797890260464], [80.43053246140403, 21.010459790287143], [80.44486701719916, 20.99300969963798], [80.44572370418564, 20.972501170292844], [80.4633820526397, 20.93825790597765], [80.4658864037346, 20.929175038397375], [80.51745625120509, 20.929886822119215], [80.54210592834596, 20.932428436623127], [80.55661872077741, 20.890093723646487], [80.55722750604463, 20.84692827362096], [80.56275396862083, 20.820986088137488], [80.55763386650978, 20.81676933343806], [80.55021258364388, 20.793129436674235], [80.55239891018164, 20.766750320071253], [80.56140748386832, 20.748569213698318], [80.56275787527579, 20.72403360656574], [80.56706001430825, 20.71324923876142], [80.58180990040665, 20.699941243793432], [80.58524476293553, 20.68031890729179], [80.57369635630187, 20.67447730878081], [80.55959913429268, 20.67462725544351], [80.54428632655276, 20.665548508556867], [80.52578277275683, 20.663271639174866], [80.49650598206546, 20.641411221950364], [80.48843464584229, 20.631277389539946], [80.48844185300919, 20.61864085179394], [80.49977394121447, 20.605665856893836], [80.50697081984754, 20.5884760983933], [80.52638369435209, 20.586314545479922], [80.55829352642519, 20.600731873077507], [80.56593933583173, 20.611621996657846], [80.5855705054745, 20.615772384987622], [80.59939628780847, 20.6147635003353], [80.60949796405987, 20.609080468488855], [80.62925752271656, 20.60558435313544], [80.61979363037182, 20.592309339904148], [80.62664555065169, 20.569093969011533], [80.61690714744697, 20.558114862011337], [80.62035109852445, 20.543377307416847], [80.61697487808823, 20.533818041069765], [80.61028267830301, 20.464352365669185], [80.60163806834225, 20.448364262400844], [80.61040008209818, 20.435232217093187], [80.59670390646016, 20.414761570789892], [80.59293425421254, 20.394073943257922], [80.60920084874022, 20.378503622744063], [80.61297757865236, 20.358528751101005], [80.62366307139371, 20.339741464796816], [80.62366850779546, 20.327908234777283], [80.6123891495397, 20.322350947937935], [80.59119925424227, 20.321436451630973], [80.55852050361841, 20.313639046205083], [80.5489616761405, 20.308967061880423], [80.54276938160172, 20.296807511057864], [80.51776728533201, 20.27173708160109], [80.5014175224008, 20.276906942301594], [80.4827805712664, 20.27578006210024], [80.46336623086694, 20.270984943500366], [80.4265043440003, 20.253619847777827], [80.39308248446912, 20.246653200085177], [80.38981539316592, 20.24375888136734], [80.40487311270402, 20.214886004085884], [80.41890605836795, 20.204350943641202], [80.42028889821415, 20.189693257837632], [80.40147741115368, 20.18373741934647], [80.39143389315967, 20.160683124226864], [80.40072178188478, 20.146230539607757], [80.43385424138017, 20.13251451683152], [80.45105354078834, 20.132631248833093], [80.45825512827162, 20.1471473318839], [80.48988359844935, 20.140209852802514], [80.50497036249232, 20.141262665739475], [80.51054323008606, 20.131150264173414], [80.53054508318911, 20.126861143726842], [80.54734984731766, 20.112262640508504], [80.54196125620706, 20.087867839329363], [80.55316170884583, 20.068222490975245], [80.54807936567022, 20.050726258809846], [80.54858866433545, 20.039765602300747], [80.53955658237044, 20.006532397152455], [80.55054488313988, 19.997705365110562], [80.55115734393632, 19.98416230624548], [80.53938556459218, 19.969718059241075], [80.54086234492132, 19.955724233186857], [80.53327973177426, 19.951312423629474], [80.52739929963803, 19.93358853798071], [80.5087496608682, 19.927447486812127], [80.4874701004648, 19.930468813185257], [80.4768174851389, 19.93630708060732], [80.47146544427488, 19.948871622227614], [80.45994856607354, 19.9478414713069], [80.45065715650264, 19.955254604516426], [80.43205587427923, 19.93989463542914], [80.41322921025989, 19.935072463423523], [80.40960421036607, 19.91220290793791], [80.42170302367566, 19.905549863735246], [80.45142917231851, 19.896228864670434], [80.4682145074936, 19.906118554527723], [80.48964303609728, 19.901613067988762], [80.4968332966194, 19.896401409497514], [80.50454607853874, 19.871534805986585], [80.48202477652228, 19.859837207221403], [80.47563173081977, 19.840334263815294], [80.46731163762206, 19.83084023878604], [80.438655737972, 19.813100038535993], [80.42429812985489, 19.811937831166006], [80.40451115266762, 19.818985974523173], [80.40711998340055, 19.79642619681158], [80.42468232652823, 19.79994941953015], [80.4497024470104, 19.793392984099], [80.45946050399914, 19.795763848822617], [80.47382536334987, 19.787761069717646], [80.48513152589925, 19.77533334645682], [80.48960061327773, 19.783620929162623], [80.48183841720925, 19.806258365131498], [80.46656136741325, 19.814170730894546], [80.48304401147203, 19.830826805612617], [80.49774935774673, 19.828200666527607], [80.5054222421428, 19.832319335768773], [80.52485263544082, 19.83174208792707], [80.55129698256974, 19.81414526389284], [80.5467507981109, 19.777591581886043], [80.5573047209362, 19.76757788181385], [80.57762964019582, 19.757801631540133], [80.58920109465487, 19.741179917219426], [80.6202848202883, 19.732097082014775], [80.64065252929083, 19.721689876386733], [80.65279616391189, 19.709745115144983], [80.67302461919087, 19.69550057699007], [80.67257366314408, 19.67629280187134], [80.66332241999373, 19.62853569226843], [80.66923773773146, 19.612160383195203], [80.69025769983301, 19.614055636058822], [80.72823843865308, 19.61189692949972], [80.76523192511331, 19.59375031212727], [80.77155330024465, 19.588428224982636], [80.77369946755641, 19.571945004458428], [80.79245887847452, 19.564069561261306], [80.82692843829687, 19.5691044669976], [80.84087242392326, 19.5597063312822], [80.84815916821111, 19.537346185977754], [80.85960590199085, 19.52797233735356], [80.88641196364125, 19.52287491434589], [80.89708767715462, 19.50315014056656], [80.89946563393192, 19.46963946488944], [80.89302174865486, 19.46046974708122], [80.87487701805998, 19.447426399209007], [80.84243708240547, 19.446314190547525], [80.8153687703525, 19.435537020017534], [80.795281623748, 19.430600920096424], [80.8159254210214, 19.401023364636615], [80.82011892914534, 19.386747787280626], [80.83061248857553, 19.3787745850791], [80.85023699244329, 19.37018384360954], [80.84649009394275, 19.359243603509526], [80.81022873476837, 19.336363659954998], [80.80675102404058, 19.329255773735042], [80.79528456453107, 19.328190289350403], [80.7735855225539, 19.312214786483253], [80.75663214725586, 19.290830745542507], [80.72567406770412, 19.289559655453786], [80.70781163429956, 19.28630085320185], [80.69089760164309, 19.29092867361942], [80.69261904793075, 19.3165752654362], [80.68654716092277, 19.32808331948968], [80.67170099880212, 19.33049546219587], [80.6250184801188, 19.30871785994134], [80.61123875836205, 19.315642400476463], [80.59283979032415, 19.356790335705455], [80.59118270941457, 19.380894554240342], [80.5800885377559, 19.402097513089814], [80.56656391948934, 19.401215190928383], [80.53874376611196, 19.37797134390246], [80.52104896903472, 19.351886659941442], [80.50759651956378, 19.344983136562576], [80.48827508722553, 19.34148917058883], [80.47770148093866, 19.33259207416495], [80.46399501795577, 19.302868602803812], [80.45261736919628, 19.273636185561543], [80.44422996354206, 19.264815790516366], [80.42635873027126, 19.2540207099878], [80.3956059371643, 19.247023514123953], [80.38633388190317, 19.23632466914819], [80.38418739263415, 19.221112205064287], [80.39329529734016, 19.199429136845254], [80.38830338998952, 19.184544075448798], [80.36952760781293, 19.173128182119967], [80.35265489720581, 19.166714327004627], [80.3427084880064, 19.151387888240492], [80.33200963943335, 19.145345407264756], [80.32801876025763, 19.128322495486827], [80.33872380785749, 19.10496634112377], [80.32712848629069, 19.09211818750441], [80.32930252898859, 19.078794120752093], [80.32296216287358, 19.068511801278646], [80.29601987911417, 19.050218321018747], [80.30246832035675, 19.032700597754456], [80.29530177585633, 19.017911998539944], [80.2794880592266, 19.00143246973272], [80.27490708719239, 18.99132721417965], [80.27621054837817, 18.968199042451886], [80.27134073208919, 18.944603482264938], [80.2776780153282, 18.92902632960147], [80.29862695886709, 18.911763743102313], [80.31583364980315, 18.890408465178552], [80.3289351739192, 18.879083631804235], [80.34303297958837, 18.8604428405647], [80.3558355645597, 18.82833135980445], [80.35355348720373, 18.815485930231546], [80.32605117761983, 18.800381182445676], [80.30673095846703, 18.797912496664424], [80.29748532348896, 18.790630908189883], [80.28682943822804, 18.772242837237172], [80.27910747423061, 18.766611561374532], [80.26183068923496, 18.770318468822325], [80.2494338226129, 18.76411571786616], [80.24807663502872, 18.753066911608755], [80.2621098028252, 18.74055112853182], [80.27484775891702, 18.722436820203143], [80.25395990092875, 18.705782786946088], [80.2326204375832, 18.700601353769514], [80.2216339642361, 18.70555491582678], [80.20917185719549, 18.70186138219708], [80.19621443324957, 18.680020080962038], [80.1746531620139, 18.684472068631123], [80.16532580114489, 18.70030655510351], [80.12850253206625, 18.685547074138185], [80.11375566139469, 18.68184528743012], [80.08927066001303, 18.70670115933109], [80.08186276355576, 18.706799445338163], [80.06903550208682, 18.720710081405173], [80.05347582145208, 18.725084453085117], [80.03995611438324, 18.75055559436521], [80.02579375807551, 18.755094272182987], [80.01940660293246, 18.7708127551046], [79.99996625773667, 18.77753611639872], [79.98857505979123, 18.778272115265963], [79.93895886266142, 18.78834554111387], [79.92322329262089, 18.80121379368171], [79.90091823259041, 18.834638759471204], [79.93245445211136, 18.84136080056055], [79.94028338596956, 18.8488510452396], [79.94594388889942, 18.862689038568305], [79.94789868767435, 18.881156279538743], [79.94785601844058, 18.94132729611789], [79.93823544171232, 18.97838516594271], [79.94135590125387, 19.02521292783439], [79.93284124332877, 19.04596366798893], [79.92295471099118, 19.05081071614171], [79.89767751570486, 19.048874418219896], [79.87782929828353, 19.03896060045139], [79.86637339411692, 19.038034974134803], [79.86380020891255, 19.04559038368933], [79.86789069699813, 19.06331479813946], [79.8648143357131, 19.107389617436922], [79.87797454239126, 19.12597025482347], [79.91277750517776, 19.145069459288152], [79.93294617622513, 19.1642124715284], [79.94752624154285, 19.167684516527288], [79.94925405952728, 19.179151158599154], [79.92929533071498, 19.206607041581776], [79.9269484491117, 19.229569167882858], [79.93869168937005, 19.262435418160067], [79.95195979400933, 19.287225849993035], [79.96857780941843, 19.30057843244873], [79.97042332527627, 19.309622367478312], [79.96392247154489, 19.33759248910212], [79.97129416489383, 19.353684562092894], [79.97400865067874, 19.377548185000762], [79.97980447010025, 19.4039524763258], [79.96598917566001, 19.428785877766074], [79.95248704494122, 19.44362071832154], [79.95171799059284, 19.461632858269866], [79.93024496803093, 19.480332905838964], [79.91771210233173, 19.495048902784674], [79.90891117670947, 19.499179667907413], [79.8848663377114, 19.503358614208707], [79.83480010364195, 19.539543631733295], [79.82972769797493, 19.546827279655304], [79.8231538444744, 19.571483073984723], [79.79983178790673, 19.582514328173772], [79.79195202166852, 19.59598749352807], [79.7840494153483, 19.600059803617114], [79.7468048426694, 19.605471913797828], [79.71938316360217, 19.585657033345456], [79.68443476335369, 19.578859933039553], [79.64610313874891, 19.57725548495273], [79.62776262574465, 19.56735341322951], [79.61357231940707, 19.541732816316483], [79.60721597323862, 19.510262687073407], [79.59769678607785, 19.504045950760087], [79.57193244152899, 19.51317361357144], [79.55400216147063, 19.528305596426208], [79.54895834705013, 19.550705022318994], [79.52125360636887, 19.544116693330807], [79.51967983775438, 19.52026635161087], [79.4995633022047, 19.507387723564648], [79.48628415658862, 19.50599668370006], [79.4766576416369, 19.499624796347348], [79.4643922576966, 19.52108786071625], [79.44744695561258, 19.535599771812088], [79.41976067621431, 19.535535609680664], [79.4079787741012, 19.541862157712444], [79.37728525261235, 19.56351340252155], [79.37511748268571, 19.573177895843287], [79.34693588188549, 19.57568187371953], [79.3275289815773, 19.573643152909256], [79.32028620694297, 19.567420636653083], [79.31084269863169, 19.591995606212322], [79.29922149187843, 19.598546783307427], [79.26116816427941, 19.61296550395491], [79.24302297592965, 19.611234318009394], [79.24363430088232, 19.601303813320385], [79.25461879751953, 19.58865127033988], [79.25604878792126, 19.579489945904356], [79.2457095044901, 19.561307712680843], [79.24257516840936, 19.528668338872762], [79.22163856266957, 19.51245670731123], [79.21400168532955, 19.50053433828913], [79.21470541022654, 19.48670181014046], [79.22662935126363, 19.47751655834253], [79.22465951132745, 19.46644676550585], [79.19494718796238, 19.460623502372812], [79.17497753418593, 19.469653612124546], [79.16283974425886, 19.48739228082917], [79.14609671319283, 19.50291082107759], [79.11053614892421, 19.514481098324097], [79.1086376378168, 19.529668425457544], [79.10239996618554, 19.53218472764314], [79.07959847139239, 19.530276847398625], [79.06911278372803, 19.53291924802494], [79.05723359925128, 19.546906583671955], [79.02401832028931, 19.54156839596476], [79.0057117171221, 19.560929621504897], [78.9984785580391, 19.56358655067885], [78.98409035588526, 19.55246944990523], [78.96013864887959, 19.553351089481225], [78.96003706146126, 19.56422058890911], [78.98345556402313, 19.581438061817153], [78.9839090651513, 19.591905206360252], [78.97120801543764, 19.605963854648223], [78.96844299584762, 19.61875414408854], [78.97452983498397, 19.650617441641657], [78.96723324491836, 19.660136078417338], [78.94913069072885, 19.66648445119654], [78.94052404205098, 19.663513100149487], [78.92141278127491, 19.669037827933437], [78.90928002934993, 19.665855279197842], [78.89645881312379, 19.656563635803195], [78.86422796894567, 19.657568248675773], [78.86864111849286, 19.68072811251244], [78.86890480061612, 19.69797409482868], [78.8623312124156, 19.732456714605746], [78.85101621132912, 19.759449287554617], [78.84367504996362, 19.763164529919152], [78.81295833495926, 19.759054133541497], [78.79018852867773, 19.77975767907367], [78.76850318337529, 19.776623138846844], [78.74358432745481, 19.780391567117192], [78.72167787933074, 19.767760561101056], [78.70698165937614, 19.786489944555342], [78.65343741780265, 19.802298962227383], [78.62439899601691, 19.80951149086269], [78.6086960048168, 19.818272674544346], [78.59000100963897, 19.812449717180755], [78.53119452360846, 19.822350564027374], [78.5172923510612, 19.814975773413266], [78.50855923522056, 19.79312514620858], [78.49880796271736, 19.793851902743143], [78.48103611352587, 19.817011154141483], [78.46948203396875, 19.816846861493502], [78.43344700807302, 19.82369990952327], [78.4023841763887, 19.836943493247645], [78.39064454690839, 19.853214613163914], [78.3888479874447, 19.879702623277467], [78.37042168631183, 19.88334611593058], [78.34087985731963, 19.883615050993853], [78.32757228683164, 19.89536815141912], [78.33920357858233, 19.904691391594497], [78.33297810985192, 19.91646202070575], [78.31477697647637, 19.913107003585424], [78.30224240206525, 19.873697243832794], [78.29868323794113, 19.849991287368084], [78.30773479382572, 19.846273551183515], [78.34363145542738, 19.839676552730793], [78.34601559414443, 19.83343768230327], [78.34059912494973, 19.81915817131261], [78.34384805984013, 19.81403420661337], [78.36515610716867, 19.80629294676214], [78.37167699329865, 19.795118482731823], [78.37242128841177, 19.78167074301041], [78.36547898986356, 19.754605417606], [78.35787215797376, 19.73839696784586], [78.3500715896322, 19.735062331161714], [78.34994092443418, 19.714241056279775], [78.32732768112766, 19.704310448168712], [78.32066165700991, 19.691221853605725], [78.29037925160122, 19.6903141300931], [78.27427275798146, 19.663800826546947], [78.29214383926683, 19.65515647289294], [78.30356834720152, 19.624155795153854], [78.3156118441114, 19.604954734373564], [78.31578732162762, 19.57260068487375], [78.30451210654854, 19.567605517480672], [78.30111973428836, 19.559213297755548], [78.28369310875001, 19.559017718592884], [78.29963843216797, 19.538151072913706], [78.30404417579814, 19.50504189866473], [78.31465776774183, 19.487377656054036], [78.31660886130993, 19.46688002199545], [78.31355647325267, 19.457404437564776], [78.30194862862635, 19.449820069840428], [78.27782362855766, 19.454803560436005], [78.25656841909733, 19.431023647323514], [78.22877415360438, 19.43497766148994], [78.21957605948762, 19.42799208576622], [78.20258220300633, 19.40841027091733], [78.18660766780965, 19.412703179308323], [78.19202486815323, 19.39657980901103], [78.18892273859359, 19.369213545268963], [78.18405267139372, 19.354019439045942], [78.19159474849891, 19.33964312053365], [78.20164395290618, 19.332789428589308], [78.1976700942995, 19.30403281656129], [78.18762192950851, 19.280072874463656], [78.19090156455565, 19.250513260478613], [78.18780651266047, 19.24270611719362], [78.15415841517876, 19.231199831207277], [78.13109577794785, 19.247503557842947], [78.10370964008786, 19.246556700331496], [78.08656066674143, 19.25582566732072], [78.07942090764885, 19.247608016796562], [78.06182355481326, 19.240803621190196], [78.05229047222758, 19.24854231887298], [78.05368901693464, 19.26374623490085], [78.04997567843486, 19.27185055645805], [78.03147986060713, 19.279651636513847], [78.02243228062531, 19.29726157895874], [78.0157883384611, 19.3020337315715], [77.9896185192793, 19.309883297676095], [77.9810009024697, 19.321906127266004], [77.95296227498903, 19.342091556280366], [77.93034509714857, 19.332707762952964], [77.9162537612022, 19.318758590036964], [77.89720396189341, 19.321945674952985], [77.89197675412396, 19.31320113412511], [77.86475146450852, 19.30291769769366], [77.86581039823136, 19.284903748309375], [77.87930689469749, 19.2806015121501], [77.90463888747473, 19.27798802472762], [77.909692653793, 19.26808524164062], [77.90437291297962, 19.256996156547416], [77.88858366420482, 19.261088782321508], [77.87130563814475, 19.256116676243664], [77.8719852854926, 19.246976876181918], [77.86235276756622, 19.21935820062049], [77.85623045736975, 19.210607458067784], [77.84840702466454, 19.189112906635387], [77.85690872875489, 19.177759358807407], [77.85313877973095, 19.15625104684841], [77.83780174425516, 19.133727877839362], [77.84252533077944, 19.119853085151817], [77.84910389852615, 19.115224329439286], [77.84608860930194, 19.087824539870667], [77.83249504001412, 19.085973555235455], [77.81902123164457, 19.104670444385533], [77.80405953092264, 19.099874435456854], [77.80513903124137, 19.085430897118272], [77.79734183895476, 19.072240112591146], [77.80099754440118, 19.052367727688534], [77.77475670665672, 19.05718651644463], [77.7654416718957, 19.063055783497646], [77.7611313373414, 19.029601889215883], [77.76803784916746, 19.020696939911886], [77.77220893809209, 19.000483230816485], [77.7711439231536, 18.98254380735085], [77.78532081160625, 18.97746609298588], [77.79095113868414, 18.985422682910553], [77.82101650620683, 18.98353844494335], [77.81656730283879, 18.9506639901511], [77.85769248881735, 18.953536830360463], [77.85265263231321, 18.932652343930556], [77.84825611302927, 18.931583312619807], [77.84443472548224, 18.912596430780695], [77.86062427509029, 18.90738307526874], [77.87325758337084, 18.91163864021115], [77.88559619820603, 18.909862392835237], [77.89170522541588, 18.886495737088637], [77.90272573450511, 18.885121653041892], [77.903276353421, 18.869334162441703], [77.92944832108321, 18.860654350318043], [77.93376837820813, 18.84795595900033], [77.94828453949998, 18.843772752610505], [77.9467175005123, 18.82380574104218], [77.9328697135665, 18.823222833766806], [77.91166976294926, 18.83098394165563], [77.8414094519847, 18.80888327864045], [77.83150050044782, 18.787449234494602], [77.82713623085243, 18.769965261887364], [77.81432014615785, 18.74174979261886], [77.80663630442194, 18.730753778364203], [77.80613059045442, 18.717638747330398], [77.79041574259253, 18.695856801350374], [77.79033069100865, 18.68566456426828], [77.77327065072001, 18.6921100386474], [77.77266170357484, 18.703127073655594], [77.76148820181913, 18.708563277573262], [77.75332586769468, 18.691280620903967], [77.73665481206996, 18.67749961041875], [77.73351095486674, 18.6442689242715], [77.74680161360362, 18.622990678676956], [77.75194085688508, 18.606928460480106], [77.75101888181598, 18.590719312846034], [77.73175433159719, 18.55321188452092], [77.71614932153403, 18.55609099570296], [77.68648592488557, 18.542451681499927], [77.6796182152085, 18.542967834797764], [77.66125019464084, 18.528835475376923], [77.64895994264731, 18.537909301173386], [77.65587005985543, 18.551219771974957], [77.64411591261933, 18.555507954428606], [77.63268456084387, 18.55221479177925], [77.60082725817148, 18.549085840838927], [77.60175474248746, 18.536602189639382], [77.59684263917649, 18.524718798134074], [77.60004421396934, 18.516580048730304], [77.5898083381843, 18.50451842778324], [77.6064222832618, 18.493008606562], [77.60464605117437, 18.475858332795895], [77.5943215391078, 18.482736268663928], [77.58003804322118, 18.485392755371436], [77.57415071418416, 18.468486744667587], [77.54999870387712, 18.467328768607842], [77.553276210229, 18.459592086305804], [77.587195524354, 18.455203285902996], [77.5862009398216, 18.444740360079606], [77.56367731575557, 18.43670570900133], [77.54991829279504, 18.44220008466624], [77.53191102267562, 18.44209734971298], [77.52937624571723, 18.428989364867334], [77.55869524339084, 18.419533115860645], [77.55281818461157, 18.38943026639373], [77.54505664055159, 18.386930153803632], [77.52484391711312, 18.366359561344723], [77.52295334432142, 18.350989005438294], [77.53080438441486, 18.341152513177974], [77.55690348270963, 18.33301325565725], [77.57048109712497, 18.31977750772586], [77.57379984278856, 18.3100227782287], [77.55350233126762, 18.2931922395303], [77.54309445024876, 18.2956583478545], [77.52324085937823, 18.30915729767122], [77.51187812227755, 18.303958240480483], [77.51609370785837, 18.283801240834634], [77.50116802768241, 18.275164132119073], [77.49564714989612, 18.267710479954758], [77.48374214138676, 18.270447228456874], [77.46875610590962, 18.261757737829384], [77.4485440524661, 18.27186932101239], [77.44021697693199, 18.283785571047304], [77.43964937971515, 18.30819318846494], [77.41102873348933, 18.301250369209242], [77.39574632193529, 18.30260013738649], [77.38444980911146, 18.30760534391152], [77.3656374128364, 18.309923577611073], [77.35852257935363, 18.320131023128283], [77.3701314213281, 18.32394541035245], [77.39601528847481, 18.34217146663991], [77.40143448351466, 18.35514070857687], [77.39499389245424, 18.36751128531762], [77.41108699337008, 18.380079353179667], [77.41331064087342, 18.390105536741203], [77.40367913108707, 18.399359545306822], [77.37285755962876, 18.402231230786697], [77.36749040565775, 18.431319059527027], [77.3727248592649, 18.449113421447294], [77.35710866793073, 18.450183234268877], [77.34510038037831, 18.431743704108726], [77.3285749438786, 18.456531902025688], [77.32036977594447, 18.45519056139534], [77.31623480379324, 18.440796994785558], [77.29768947468955, 18.434094204583914], [77.26741314420133, 18.419782916048803], [77.26121245539053, 18.4118290600631], [77.24302706914398, 18.41004104685686], [77.23566160719747, 18.38754974352588], [77.24786091255112, 18.37202279281769], [77.23361192545008, 18.367020720429934], [77.22416216415263, 18.348664794844467], [77.23005746208224, 18.346358574288843], [77.21273429904869, 18.315224037859082], [77.19815081540787, 18.314179555342264], [77.2003854903981, 18.297021848679435], [77.20721182226782, 18.29198509213836], [77.20895456809887, 18.279489274910134], [77.19439884922758, 18.275805767821964], [77.18054005547924, 18.283344414013527], [77.17005398020706, 18.274946216494754], [77.16835811873227, 18.257439349846152], [77.15987414567536, 18.254600393393503], [77.15033750357298, 18.222945125217393], [77.14212979505407, 18.208793682182716], [77.12356281297349, 18.208244587617685], [77.09806589982145, 18.19662981911091], [77.11890244069514, 18.16918313169623], [77.11145830605602, 18.154287175912486], [77.09916121202036, 18.159712772326657], [77.08869955603973, 18.151858594498606], [77.06011230613808, 18.153913700057274], [77.05274225585049, 18.162812917082533], [77.0518818537646, 18.17472636932655], [77.03520538152321, 18.185268140512335], [77.02405424590677, 18.179708397624495], [77.02635661106882, 18.164190331318764], [77.00005976894323, 18.16833654769357], [76.99373751247629, 18.188103324308997], [76.95629197549431, 18.18631226419967], [76.9459145976806, 18.156185554819558], [76.93550871945189, 18.159341907203327], [76.92748730999142, 18.146267671216094], [76.93389979364065, 18.13804953236007], [76.92468182090937, 18.117587279429472], [76.93430684388579, 18.11247861039959], [76.95559649648118, 18.111622570025645], [76.97051986809748, 18.098648108423504], [76.96655602524044, 18.089761652778122], [76.9519377342391, 18.08387583370279], [76.94923604220963, 18.075315472231296], [76.95487925747182, 18.064979567553053], [76.9508427332056, 18.04732171192751], [76.954287516156, 18.039313145685185], [76.9198617227404, 18.034808229316354], [76.92174899052355, 17.987015100966175], [76.91537925434915, 17.938901717740123], [76.92136807547638, 17.93835788780632], [76.91861605019062, 17.91681315060646], [76.90235600452604, 17.91639616914796], [76.89148602575955, 17.898899361416454], [76.8832609953987, 17.894770039705634], [76.8558484039807, 17.89952632378089], [76.83371722786785, 17.892341886369024], [76.83504448781292, 17.884436921127076], [76.81014022878861, 17.884753862001162], [76.80468323884048, 17.869999247267515], [76.77637621768838, 17.878614440404135], [76.76773963777413, 17.900041834962735], [76.74238128137108, 17.899597210143156], [76.73918846147836, 17.858692551420177], [76.75632858369721, 17.858241938914375], [76.76753464270968, 17.85246882197862], [76.79004838862227, 17.828180013996473], [76.77814129368579, 17.80112036421349], [76.76816999484942, 17.798383453833367], [76.76457627877232, 17.78884845569172], [76.7506507445363, 17.788076293286338], [76.74117895164738, 17.780860161067608], [76.7210714569822, 17.786998142850052], [76.71413963373715, 17.776800998167573], [76.7226798458982, 17.769322993261596], [76.71968174991287, 17.74961430655503], [76.72934856528411, 17.738775277057414], [76.70516365148137, 17.73087413213551], [76.70247163975444, 17.7090494962373], [76.69402773868927, 17.70704081638064], [76.69219955456583, 17.681754240266002], [76.67977232233488, 17.689125410209556], [76.66472873923999, 17.689632403013036], [76.65969383710097, 17.710269154098228], [76.65237568399067, 17.722554142359854], [76.63213413458271, 17.730692299110387], [76.62840348143556, 17.7576303425663], [76.61587285055168, 17.769943959845932], [76.60546101071714, 17.757457542331736], [76.60019303757866, 17.729640835156488], [76.58839701341151, 17.709577752611267], [76.57074169387414, 17.705414262957902], [76.56940794172317, 17.74144187394336], [76.56104345798923, 17.764742313506986], [76.53942304643653, 17.76052097676171], [76.52487076117677, 17.760457288573036], [76.52482188482219, 17.71684919313583], [76.4874491200809, 17.715113130166856], [76.48573825521635, 17.671280705140475], [76.49038741384811, 17.66232465815648], [76.45330330630259, 17.657187061533705], [76.42964470813683, 17.646044328283153], [76.42502410387937, 17.623189518981178], [76.41659192817502, 17.60586368046455], [76.38288633973286, 17.602423981381662], [76.37381671107244, 17.599575324841396], [76.33232959383577, 17.596474554157396], [76.33492359924475, 17.565133492017083], [76.34073087692849, 17.54424971785022], [76.3616800282108, 17.53795178894393], [76.36720421460285, 17.518430737688448], [76.3470834639308, 17.51319291612026], [76.34669168507327, 17.493336036429014], [76.36739017281826, 17.497037620789627], [76.37313453393165, 17.48754260470747], [76.35077298838274, 17.473888876170747], [76.33150696957102, 17.47057122138483], [76.33439154413452, 17.434069362810874], [76.36471088559892, 17.43736308933518], [76.37401898838567, 17.436246904770883], [76.37089151862875, 17.409753564375535], [76.36283843684447, 17.376959452316896], [76.40903402030386, 17.37121472697811], [76.41163555483706, 17.34964398767994], [76.39394169305473, 17.338229462219942], [76.3826304556311, 17.313774242787133], [76.35310287819533, 17.312539231700214], [76.35142604367701, 17.329643265924005], [76.34440210917006, 17.35183033040545], [76.3137106633165, 17.345145955621376], [76.31791784833007, 17.33133578371951], [76.27647814784831, 17.33239137196432], [76.27075146290974, 17.358354093466687], [76.25051342085777, 17.359706564106716], [76.244838249086, 17.376463978030188], [76.23081578681916, 17.372026350735553], [76.22942540345969, 17.365016172258606], [76.18321541196173, 17.358261756474917], [76.17259569113827, 17.350490917022228], [76.17378171255604, 17.334018288713082], [76.17921656299404, 17.31572456293827], [76.17605347468816, 17.299025157085396], [76.16406254764848, 17.302139254822805], [76.16340919018205, 17.34266764169837], [76.13776441229783, 17.354299253607735], [76.12130911662251, 17.368045331726705], [76.10202810071632, 17.36395308906384], [76.09410089434084, 17.348790363784303], [76.07872211773162, 17.33176631436396], [76.07344029863094, 17.334026824178636], [76.06311822822369, 17.35357641002338], [76.05442658641789, 17.355964637957698], [76.03650201885313, 17.350618004717205], [76.01523539249945, 17.352253724030163], [75.99998585206549, 17.339396317286287], [75.97116199592944, 17.338085340466137], [75.94130051190916, 17.32647303610179], [75.93065003337239, 17.32572225957466], [75.91013398119833, 17.347393872229475], [75.8930354085573, 17.355177580980637], [75.895760717683, 17.371530076052238], [75.89372262729745, 17.407397801967022], [75.88656977947181, 17.418812586431784], [75.8764342104705, 17.41283499963555], [75.87595886930643, 17.398463142659978], [75.8641323455314, 17.387944414802973], [75.85835727886541, 17.390460711592596], [75.85521826091406, 17.40914332850184], [75.83805779333255, 17.421988170817485], [75.82110309243382, 17.42111925484977], [75.81539020579339, 17.39927628627163], [75.81670499034311, 17.38222128668309], [75.81042097125089, 17.37142581225146], [75.7900484976401, 17.37445146256499], [75.78130533187561, 17.380266362902375], [75.76871423057736, 17.408263492965887], [75.75766380104363, 17.409808511153926], [75.73586424363998, 17.423288435812708], [75.72116130754836, 17.41316389789563], [75.70678083506755, 17.409707090110146], [75.68986474026559, 17.413974661001873], [75.67942722928325, 17.437501844834344], [75.67946492526613, 17.455287107414108], [75.66085922107624, 17.460981723427835], [75.64807486446347, 17.474693725335214], [75.63406131987409, 17.478787422201833], [75.62971989126004, 17.46246720020116], [75.623762422298, 17.45939235787108], [75.61384195674094, 17.423351361376263], [75.61422579368548, 17.39320361505486], [75.57683714062159, 17.384264991536156], [75.5823713094884, 17.35270592653734], [75.61153419115004, 17.343695776339075], [75.61446243319477, 17.330158687173707], [75.6043801517227, 17.3046829809349], [75.6231618856126, 17.295247942438664], [75.63083478349853, 17.27369101852571], [75.65608217795022, 17.2720646233837], [75.65850302969113, 17.262941542618137], [75.66251780924955, 17.215305475467346], [75.65605557150747, 17.20534113648432], [75.62922910963573, 17.18772210369218], [75.62655076940257, 17.171691198090343], [75.62993939238908, 17.16166074095048], [75.65134966655393, 17.13435566528176], [75.65226650559481, 17.114773700246133], [75.67280507049765, 17.11520335854823], [75.6798215352357, 17.072848536730646], [75.67715156319412, 17.0645718223318], [75.66137474574799, 17.063478116322074], [75.64649875581301, 17.04827968525933], [75.64236694208074, 17.038116852410838], [75.65266256882256, 17.03236290542378], [75.6709719598881, 17.03746867234139], [75.67183618679064, 17.027916870367335], [75.66740634672556, 16.985002315904183], [75.67719510387099, 16.96575248668796], [75.67012034148064, 16.960346900189336], [75.64368410713587, 16.952835239055105], [75.63496135328387, 16.967585817631402], [75.60918404680638, 16.971379824419387], [75.608024077849, 17.0048301295069], [75.5741895383166, 17.00950244658071], [75.5682797819864, 17.007870518809455], [75.56873761065225, 16.965357877663962], [75.54109527662575, 16.964854732160234], [75.52824458871686, 16.96754723941359], [75.5152145993743, 16.953654768752642], [75.49112079229081, 16.94689643462283], [75.48778141168287, 16.967078833821176], [75.48058394669187, 16.977621009701863], [75.46592363216996, 16.986986987459545], [75.4417240288409, 16.981141477796996], [75.42890165159002, 16.96511446086373], [75.39249757720148, 16.97800980730682], [75.36935485264439, 16.970313546832756], [75.35719826868518, 16.95851644078118], [75.34289126721825, 16.954146562114204], [75.30353947686541, 16.95627116638127], [75.28197389967579, 16.955145006536895], [75.28294238678177, 16.911056520242255], [75.28915589003236, 16.90277921588813], [75.28014647368087, 16.875908612592468], [75.26560415290936, 16.86252997497843], [75.2381951830613, 16.864616903947024], [75.22717015577814, 16.84258644291009], [75.18018879147962, 16.843681445742163], [75.18954128390317, 16.871186239253575], [75.18667125317586, 16.87511872005291], [75.16866818468901, 16.866421073473816], [75.13794385512489, 16.875129484038496], [75.13519342613574, 16.894496070437356], [75.12031524365364, 16.902004647796332], [75.11548469806041, 16.9115203446882], [75.10360580676263, 16.91107064949091], [75.09134011255622, 16.922682274867157], [75.09076266866231, 16.94873884692032], [75.07953622381774, 16.948107780050066], [75.0619058667624, 16.94076992009576], [75.0445955829199, 16.940205324815963], [75.03087064786217, 16.930245327759735], [75.02666439994215, 16.943022782975106], [74.99995884652361, 16.947307518327364], [74.982003139933, 16.93049987456959], [74.96281765001459, 16.93711787219212], [74.95059748308745, 16.93147219188819], [74.93438145474039, 16.942440950389596], [74.92446144603895, 16.93665976113914], [74.92298234096234, 16.927079377811083], [74.94889083244601, 16.907980371197198], [74.96338984456571, 16.90687378779512], [74.96021310994712, 16.879401526359402], [74.94465909324259, 16.88159920953592], [74.93309081518902, 16.87068249749933], [74.9078616499952, 16.857454984659853], [74.91175452465166, 16.81178232009802], [74.91180997415103, 16.787254013661823], [74.91978719542277, 16.771542401560623], [74.8884877062427, 16.770270663060728], [74.85065199749175, 16.772344731724047], [74.8460142089886, 16.761897963120532], [74.7996067713355, 16.75232980247847], [74.79588717805086, 16.747219458910934], [74.77438522160077, 16.75015154375876], [74.77041873563621, 16.742355076325737], [74.75914267969097, 16.738361922764568], [74.7493884691026, 16.727761018456306], [74.73183227913643, 16.71741157088735], [74.71758317872076, 16.714863605371136], [74.69325209360932, 16.71676155080496], [74.69097480784114, 16.712105953027333], [74.69114988066252, 16.676562600883358], [74.66669161432662, 16.66512707535429], [74.6554153839129, 16.639193291337392], [74.68935262602292, 16.616836533779065], [74.68544095733438, 16.60610503352052], [74.67354591061536, 16.60820128306284], [74.65881265118298, 16.60271856620892], [74.64257788366245, 16.609710262718522], [74.6359627926488, 16.60632725869607], [74.63535470885279, 16.58359461060286], [74.62172186257396, 16.582585472341748], [74.61173678972114, 16.569623117413016], [74.58658897180368, 16.557208124955025], [74.56859909007602, 16.55362885558725], [74.55415517492145, 16.56139694311446], [74.55418297296586, 16.573004315596734], [74.56433007936971, 16.58285968912338], [74.56006253186041, 16.59199765456816], [74.54428818844917, 16.59380154170782], [74.54587187208926, 16.634803663558273], [74.5244286557579, 16.632196783454845], [74.50453619708787, 16.633028039412523], [74.48970145006194, 16.629253225056345], [74.4800165097542, 16.640692487268495], [74.47148521077389, 16.662335875600206], [74.4588496290072, 16.65450759464983], [74.45852428756587, 16.635564799376027], [74.4654517859712, 16.62336159366265], [74.46654412051481, 16.606399628939755], [74.44094813804617, 16.6019350777417], [74.42747549160072, 16.59595527051937], [74.42273180972529, 16.584338428175954], [74.39727898044066, 16.580269641630707], [74.38924914073533, 16.56112955218714], [74.38939887875529, 16.537300447957364], [74.37914693838059, 16.529039162327535], [74.3647530390216, 16.539271641373205], [74.3561884030724, 16.54036102164389], [74.35924734359008, 16.55868374605808], [74.33964865656031, 16.54807052643372], [74.325609501977, 16.555308321521863], [74.31565939746326, 16.54612309670358], [74.31734479622543, 16.507940022114383], [74.30751685112182, 16.503742672985993], [74.30028010824049, 16.53079538449947], [74.26958765784417, 16.54613574746685], [74.26475814916932, 16.540276577102418], [74.26985610367632, 16.52223815176933], [74.27996243301993, 16.50840323052472], [74.2718717667687, 16.502663847158885], [74.25627834716806, 16.500592118531472], [74.25323587593499, 16.492550847543612], [74.26197513774247, 16.477683195223335], [74.27578725128069, 16.484225907000052], [74.27375955166201, 16.491002079182635], [74.2822286975964, 16.505418471485314], [74.29323360884405, 16.504271219840973], [74.28814944544064, 16.47601159565869], [74.2896279119986, 16.460684851125052], [74.30045509202893, 16.461256719222263], [74.31537598691233, 16.451720598726695], [74.33239362866311, 16.45384130443273], [74.33730038910176, 16.427247953130575], [74.33081122206033, 16.421910974112222], [74.33619957844786, 16.402215361749597], [74.3582116879191, 16.404963517252554], [74.3623599763319, 16.39289922531907], [74.35324202799723, 16.380562307504533], [74.35530396660482, 16.36649548527845], [74.34549225966009, 16.3680494975863], [74.33934026823886, 16.391244273104746], [74.32851157285086, 16.39044417775665], [74.32111566705447, 16.36984131312613], [74.32574422311745, 16.35869370285218], [74.31717386478209, 16.355367569257965], [74.32792351066155, 16.342273250510175], [74.316491184021, 16.326893968481897], [74.33082253283368, 16.32515896581367], [74.34231276592146, 16.293265247792988], [74.32991994984587, 16.291963268689926], [74.32220736577739, 16.28122881325919], [74.33060460731684, 16.267535288822558], [74.34877143155637, 16.276302053696895], [74.35624562063896, 16.288945709576865], [74.37383022828249, 16.295300761620922], [74.3841775750351, 16.29204472928086], [74.3850820816728, 16.27741694233805], [74.415154258862, 16.28240722731175], [74.41648222657358, 16.25928446230813], [74.43681759955263, 16.25140437681057], [74.45535826836942, 16.250289194990387], [74.45756026379519, 16.243687994905088], [74.47028140975931, 16.240898388749713], [74.47834838876719, 16.248604401471994], [74.49743521226532, 16.23291234962528], [74.5026731282623, 16.224823402877803], [74.49750552755813, 16.21345112576887], [74.50767421049648, 16.20313523820073], [74.50726093244612, 16.19017195966825], [74.49211926659092, 16.183254760299008], [74.48525134647252, 16.14393972793613], [74.49144736870119, 16.11433427550645], [74.49073772626514, 16.103544096283088], [74.48338793680392, 16.089302084323776], [74.45874389481497, 16.10406700528813], [74.43861207438778, 16.107129052064124], [74.42863061950754, 16.112564615664553], [74.4124279748712, 16.102832464546623], [74.40917952201738, 16.09376541694047], [74.39795972226341, 16.092932255319397], [74.38431117022441, 16.081885760319608], [74.36475767232878, 16.061528635438208], [74.37556427856867, 16.055540505889667], [74.37238948378769, 16.038604072919668], [74.3839038187063, 16.037111382684202], [74.40951183949983, 16.053043872776584], [74.43456266463534, 16.058992702851015], [74.4621972258214, 16.048694585886494], [74.4645046658577, 16.04255042036567], [74.4581252233005, 16.02458118527352], [74.44382050970881, 16.000553904639048], [74.44412029781353, 15.985272941892788], [74.4293330817564, 15.953229265518246], [74.3857789501385, 15.903236498865397], [74.39231820941791, 15.899804991707072], [74.39653056733187, 15.880352998492128], [74.39315887947873, 15.87644835081079], [74.40625519831883, 15.85975743905459], [74.39709702330902, 15.851079548782195], [74.38242560305918, 15.859323438825697], [74.37701544260864, 15.879862782541409], [74.36380777870608, 15.877771542222945], [74.3467194745242, 15.861333712281066], [74.34753282947656, 15.850199002781778], [74.38132738335213, 15.849222348032981], [74.38337647244629, 15.838425556993911], [74.36841186601487, 15.829624606190691], [74.36300291695113, 15.814288223622668], [74.36939962918962, 15.798859335889688], [74.35868458472584, 15.775816087142744], [74.34472866419657, 15.765523177252874], [74.32342991046204, 15.772533349434582], [74.31772798835601, 15.758690058199647], [74.30661408467233, 15.750452112674907], [74.28566523376361, 15.741466531055607], [74.26741730416529, 15.755263399286491], [74.25227719683522, 15.74552921390216], [74.2371593648129, 15.746531187264509], [74.22839454427287, 15.761735605114154], [74.23358852119338, 15.782866540858208], [74.22870259265056, 15.788940149168582], [74.21054094940536, 15.78086638657453], [74.2044464282601, 15.760707796027987], [74.19013544459517, 15.752346880803941], [74.16056182097134, 15.751365437165248], [74.15298161530933, 15.73648137311693], [74.12760370674573, 15.724308586971745], [74.12830375431486, 15.711388180919869], [74.13432582157947, 15.702504483495147], [74.12635796494817, 15.680553553104062], [74.1102088749397, 15.672935553433092], [74.09314084597332, 15.674500519483445], [74.0906155487686, 15.668122802725236], [74.10470636760482, 15.657195100073864], [74.11876599165726, 15.65245774942565], [74.11547627251201, 15.647398840783922], [74.09505589921042, 15.641147265633833], [74.0730656774391, 15.62834432992696], [74.03161815285551, 15.623016502409712], [74.02787923314014, 15.611464404059063], [74.02019627723644, 15.60679362122869], [73.99451117824833, 15.611228047836164], [73.98228208824781, 15.622778062457655], [73.96796066525258, 15.63109523195942], [73.96121002572215, 15.646464325568218], [73.96767453335309, 15.661917164045917], [73.96353608172484, 15.670513349111843], [73.96326483810185, 15.689369545068473], [73.94911907518525, 15.698855818841025], [73.95073436639797, 15.713394782443288], [73.9426500430651, 15.725329514445605], [73.93716281790978, 15.743612388101269], [73.90021442075897, 15.74440954266629], [73.87739517244933, 15.749341168460205], [73.87169048672666, 15.75461721481264], [73.87836362268308, 15.77235663624981], [73.86652976763474, 15.784955650682775], [73.86735745688117, 15.795286729598956], [73.85686625727203, 15.799589106052451], [73.84093337237726, 15.778092143537663], [73.83844915710296, 15.768200218865047], [73.83003230134966, 15.762956883553386], [73.8297073789924, 15.750909982709572], [73.82426486902853, 15.739837964950198], [73.81154458281628, 15.741991341227447], [73.7939181629929, 15.73428752914623], [73.78860751342609, 15.727179129413344], [73.77747971341807, 15.725335630734833], [73.76671812094457, 15.732612433916756], [73.73950789137615, 15.732657948605492], [73.73177039608697, 15.720812463524396], [73.71832314739538, 15.724570144896347], [73.70156929478719, 15.722317778442743], [73.69321533042324, 15.72699470454205], [73.67573430579364, 15.727968300696546], [73.67293325756384, 15.736765000404489], [73.65997185951375, 15.745162531525636], [73.67400499403533, 15.759403502969349], [73.66644813027705, 15.76471926338337], [73.65637927838105, 15.797807824271729], [73.64613773596778, 15.811014973762099], [73.62890955932875, 15.855799506542041], [73.61770547882486, 15.853380699859486], [73.61575396527331, 15.86667946598459], [73.59953632264325, 15.896327771109782], [73.58952575041309, 15.91017062707283], [73.5746321607457, 15.91291962613991], [73.56498407735336, 15.924056757513426], [73.5386968255981, 15.93749870829879], [73.53001755396701, 15.93191817398457], [73.5123670395073, 15.939128089190035], [73.49992100604965, 15.96238039254115], [73.49876654903704, 15.969694631801872], [73.48759193212203, 15.974947943292989], [73.48917328382004, 15.992017389590899], [73.49450007351965, 16.004675952633136], [73.48650302219676, 16.037576038103737], [73.45859580904943, 16.057053213235235], [73.46847796348726, 16.067821298813953], [73.46825191079711, 16.090019507694194], [73.4741212623864, 16.095991431459424], [73.46865639077987, 16.116914019466492], [73.47078203196526, 16.129627584145737], [73.46028540944417, 16.134895730853373], [73.45059574050106, 16.147355787439665], [73.44172832710069, 16.196354681823152], [73.43217808005443, 16.20139244020902], [73.42575083313449, 16.221886805231918], [73.41975494873196, 16.252796569606062], [73.40608205294444, 16.29463090609147], [73.39436264921693, 16.309838098349587], [73.39442090999705, 16.326573664143325], [73.38762005771952, 16.333237268185428], [73.3867502721074, 16.35832168839528], [73.37260804352644, 16.362868335105645], [73.37230762499695, 16.382532890280686], [73.38997761067827, 16.389372186777052], [73.40169202586634, 16.3897882014644], [73.40212407906307, 16.399627773902694], [73.3891937040263, 16.401006812314563], [73.37797670925778, 16.39211407310603], [73.36976099767196, 16.393796814371512], [73.35375014964973, 16.44150132262797], [73.34688895646025, 16.453884989001097], [73.34439272804201, 16.475033928273206], [73.33434841954397, 16.478502853523935], [73.32747525907598, 16.510025613791072], [73.31923675597159, 16.512830714366032], [73.31457861940783, 16.538762688946974], [73.32497885798796, 16.554886641105668], [73.34111902852038, 16.560588225066567], [73.34420866289952, 16.57455430613635], [73.32600389446424, 16.582824392531734], [73.31997220085645, 16.599474846487], [73.33130763274113, 16.603289974752556], [73.34374631334174, 16.60189444277438], [73.3694143369022, 16.62380299711066], [73.37880294969642, 16.61105915405676], [73.37905879782534, 16.594332147110947], [73.3988316664483, 16.61954831979915], [73.39236645644684, 16.626678305959103], [73.36619947012952, 16.634612359772632], [73.35306059177293, 16.62059074106992], [73.33548887051501, 16.619190411208535], [73.34185878745313, 16.63147738966984], [73.32480902461685, 16.638982179084337], [73.33207132173419, 16.647841964435145], [73.32747115726818, 16.675358801667414], [73.33972731146633, 16.68642850906849], [73.32253230452227, 16.69090456619284], [73.31176315684428, 16.716253606518762], [73.30436449642445, 16.742830644118953], [73.30355830727012, 16.76339675345747], [73.31479079465953, 16.784176094751047], [73.31764494515812, 16.79709229557301], [73.30543490999315, 16.810237549223586], [73.2934918115979, 16.834276762962304], [73.29510586354485, 16.863212634155786], [73.29412058699558, 16.885485732280756], [73.28236383352413, 16.893071064977732], [73.28980301649608, 16.926012146043774], [73.28479726318318, 16.948307342310045], [73.29045397007474, 16.95437343408679], [73.29467572860204, 16.974927043748096], [73.30779293149862, 16.956834525093313], [73.3321349262859, 16.95000331260286], [73.3260455159878, 16.962107983196915], [73.31327829325869, 16.965291531079345], [73.30574795770212, 16.97963803077056], [73.28344833137544, 16.991024494684723], [73.28209020939568, 17.013611339291913], [73.27536783555723, 17.02254256498742], [73.26515249758972, 17.016487554656976], [73.25901961406402, 17.02426134118798], [73.25788218751302, 17.04644302322697], [73.26502388014802, 17.049041322898802], [73.28045543347156, 17.039704040708955], [73.2940578853632, 17.055678327692704], [73.2916914084318, 17.070526822654813], [73.30232985763689, 17.067555814249488], [73.31209351380465, 17.07360855019448], [73.29293599729851, 17.080060728120145], [73.28247663368973, 17.111317824158334], [73.2713860710104, 17.114296804154264], [73.273172437558, 17.126522706957417], [73.26940273764626, 17.146379815076443], [73.27543770568565, 17.150983918573047], [73.26270040609893, 17.165243821645106], [73.25861378599745, 17.182130388106998], [73.23910048599868, 17.194242366591993], [73.2494626472834, 17.200280015510373], [73.24895084220765, 17.21971015879683], [73.23776778335656, 17.229258351791543], [73.22846246217296, 17.248986834374932], [73.21973252633506, 17.27507030065391], [73.21072433935683, 17.27208946265864], [73.20387368532238, 17.280235444410266], [73.20153071217271, 17.293065177216192], [73.20629791131961, 17.301532451661387], [73.22088595272459, 17.30335127564092], [73.23178612083285, 17.298411020851972], [73.24334105654458, 17.310760128077504], [73.24293674743302, 17.319805850059993], [73.22543291599635, 17.324483403886006], [73.23111767184315, 17.335215256678794], [73.22151466067311, 17.344537548968788], [73.21746186857041, 17.360734134872473], [73.21912950122555, 17.37140046216166], [73.20588368718245, 17.387458663086875], [73.19724265022819, 17.38998676078046], [73.18804824962706, 17.383736793618198], [73.17782480876798, 17.38900211015931], [73.1706676891626, 17.399231305780177], [73.18760549269939, 17.411324279791756], [73.19274935310023, 17.435606387824578], [73.1885283688892, 17.446397650731058], [73.19457563335885, 17.463918263517087], [73.18702569438034, 17.48818412080061], [73.18361264041107, 17.508109133130063], [73.17654384052588, 17.519218626538418], [73.15882522040766, 17.532905871908497], [73.14461757334237, 17.5491464724318], [73.1428825976538, 17.56609106405142], [73.15232354919249, 17.572258342148814], [73.1601023116724, 17.59082564528734], [73.14499009321827, 17.603672062315866], [73.13079546833626, 17.642738426737026], [73.13805653248306, 17.64512304659138], [73.12370660907283, 17.667256163441266], [73.1170883263652, 17.693145004738255], [73.13931967886015, 17.709149211267118], [73.1380809787542, 17.7186395697604], [73.10858899288775, 17.789543788115395], [73.09771716781307, 17.80831204836238], [73.09213153973883, 17.838732313545506], [73.08346163094956, 17.855311168875403], [73.07592187589393, 17.877780889376595], [73.06860797657691, 17.8883110718985], [73.05597184262649, 17.893437952199804], [73.05531079595653, 17.91812547730899], [73.04485087566741, 17.929869424434457], [73.03362746063885, 17.936456516854832], [73.02845509892376, 17.96370123722238], [73.0281085622604, 17.98675033336127], [73.01998004534289, 17.99134340937087], [73.00781495739443, 18.014378580407197], [73.01575911868844, 18.025399337709302], [73.02583745483474, 18.022422020559873], [73.03044156372727, 18.03429556089145], [73.04407213022466, 18.039956002667452], [73.04175962160929, 18.048735259124953], [73.02780106516707, 18.04249228509093], [73.01755204758899, 18.030183304715763], [73.01153362078003, 18.046100804908292], [73.00459371622708, 18.050958908426935], [72.99231597200458, 18.049592410161665], [73.00162079226578, 18.073730656344765], [72.99085397023458, 18.097268222850232], [72.98183388252772, 18.1048629984287], [72.97079614332739, 18.129200055038552], [72.98450205142859, 18.141892330966357], [72.98583042023773, 18.157764927109724], [72.98162861137138, 18.18346321015906], [72.97622100229745, 18.199153568582346], [72.95236949775415, 18.217591605867995], [72.93762489877014, 18.210821718147827], [72.93200296506484, 18.219773996073116], [72.94045095894467, 18.231659587320166], [72.93979633972936, 18.248388054764973], [72.93368017460045, 18.263200218915017], [72.93271004533239, 18.280701735496734], [72.94720047252383, 18.28494683502845], [72.9550937699616, 18.29674408317294], [72.96217856698735, 18.315565619257995], [72.95354427854568, 18.332321409005885], [72.942805590006, 18.34144919502438], [72.91339932391969, 18.359333573685547], [72.91243106793951, 18.366525405323273], [72.92705060000526, 18.37497092876538], [72.92614621567537, 18.383793763671292], [72.91222316356823, 18.39208109726485], [72.90781557273056, 18.404555981873102], [72.90456132554482, 18.431569274302603], [72.892071030154, 18.45926632937767], [72.89981865720534, 18.46732669656984], [72.90284661158194, 18.49655070964758], [72.90966519759087, 18.5010162770796], [72.90676901367908, 18.53621202686361], [72.9237330378495, 18.530213172899664], [72.93142331873122, 18.541351375365707], [72.92144392869443, 18.548246681639114], [72.90780539420365, 18.578536262738396], [72.88957027095131, 18.602445522642824], [72.86770320953553, 18.620409126180277], [72.86171490461919, 18.639375207599812], [72.86239897843018, 18.678155059708274], [72.85294276989299, 18.69274930103944], [72.85265488431554, 18.704621987914436], [72.85896083787242, 18.71517368491766], [72.86094190044838, 18.737787093699467], [72.86600697034544, 18.756658754398075], [72.86038989477788, 18.77374704329145], [72.86494820209788, 18.804341015225702], [72.81116865201176, 18.89356037221347], [72.80619726539152, 18.908685256719252], [72.82120299961878, 18.932862184542216], [72.82227693852997, 18.943148463730665], [72.80972938780104, 18.951015721298575], [72.79409994135926, 18.938028816676592], [72.78764245203757, 18.944894729508235], [72.80788521103369, 18.980143179564152], [72.81328987123061, 19.014378531643956], [72.82019978699066, 19.018710090198567], [72.81606984744553, 19.03884963310412], [72.81691561756173, 19.06443187842848], [72.82177883732356, 19.07520251088721], [72.82204222087188, 19.10973014532999], [72.81773815818951, 19.122527650930408], [72.79976678450953, 19.13748618424006], [72.79520076550295, 19.12464378897971], [72.78363486345825, 19.125174714541515], [72.78691991602136, 19.148300369066817], [72.7810287531745, 19.160300987200856], [72.79167640514203, 19.1685170054555], [72.7942098556004, 19.190639448252], [72.78415777695989, 19.194577321386305], [72.7789898632916, 19.21613021004123], [72.78201872868146, 19.236811847189074], [72.78128308684506, 19.26769658073266], [72.78435132725201, 19.299921792456814], [72.79393988901472, 19.304144485379766], [72.8000844367474, 19.330324379666422], [72.79001951848602, 19.337226638598565], [72.75758399400615, 19.373679844749063], [72.75870649720713, 19.38912981708745], [72.75323676116767, 19.432382832301926], [72.74580200915545, 19.464035867461348], [72.7486520713361, 19.48592776545405], [72.73027970704288, 19.500127657665303], [72.72802504012355, 19.520147509799813], [72.71539853161698, 19.534586378858364], [72.70959288260548, 19.553075877150036], [72.71398685411009, 19.59012408825612], [72.72117128792468, 19.602062699034377], [72.72026775525273, 19.619241939064295], [72.70496159620075, 19.630427546594035], [72.6948844201799, 19.656857938942778], [72.69779298865558, 19.679959651716615], [72.71422948130555, 19.686686607600905], [72.7055504965582, 19.707276779200072], [72.69551290959316, 19.716925163865255], [72.67607119652854, 19.714047960145308], [72.67767052297631, 19.745954576242752], [72.67092226035408, 19.761884990699798], [72.686804268802, 19.77360942253688], [72.68572203184635, 19.79270647852121], [72.7134767775313, 19.80168987208998], [72.7223905482852, 19.81341880143657], [72.71966420403982, 19.82194176010421], [72.69941273690836, 19.80995559677342], [72.68696731588898, 19.811331803220185], [72.68011318687411, 19.804861776449854], [72.66506703711411, 19.82169119369371], [72.65500517384976, 19.812126368637053], [72.64441577187046, 19.83899715719309], [72.64514344751217, 19.863421225009574], [72.65586096151424, 19.86049515302892], [72.6669995560847, 19.863690186153235], [72.67276757656248, 19.873326148482988], [72.67127683335923, 19.88932240680367], [72.66576282549408, 19.900057011521938], [72.66327761287158, 19.917833811481273], [72.65083841516076, 19.936311648263995], [72.65516715344143, 19.944992095308976], [72.66886644612964, 19.942600424769864], [72.68165119574616, 19.951434002976896], [72.68433596523266, 19.960361817543912], [72.69913285439776, 19.961932530262118], [72.72390905985526, 19.951542718421763], [72.72006987022837, 19.942635255512698], [72.73479443141792, 19.909659069410566], [72.74955432697067, 19.91239184470794], [72.76254611491134, 19.89441015220683], [72.77258213795534, 19.897262829615954], [72.76227620678156, 19.929713546343123], [72.77048688396258, 19.938855027237764], [72.76565679612429, 19.950326257650715], [72.76760901744228, 19.966970162742882], [72.76002450582632, 19.981494364873072], [72.74061239394689, 19.973021109936326], [72.71954064168733, 19.979002821023414], [72.72005617894956, 19.999521575660253], [72.71485068710956, 20.016438500536424], [72.7249450977381, 20.036319460474772], [72.71113624514163, 20.047002010634344], [72.7040379582852, 20.06431939012782], [72.70423365435971, 20.081041500265087], [72.70956696774141, 20.092474309841577], [72.72080391576816, 20.102791806296864], [72.72927533698726, 20.13680666979201], [72.7501132151528, 20.132298862102857], [72.77601517216254, 20.130836466429855], [72.79032555777832, 20.125744353918833], [72.7905616864727, 20.149202078613087], [72.81746757107163, 20.15725705077233], [72.82229529639085, 20.18424319986383], [72.8322405922296, 20.190695574741028], [72.83906047685957, 20.20857252320343], [72.86087215532575, 20.208842786565413], [72.860785369849, 20.22316396494506], [72.87325646921073, 20.227161687961598], [72.88886144420036, 20.22222936789109], [72.89441587119558, 20.226779015639124], [72.917559336794, 20.223887092715188], [72.93099027358232, 20.218304076272148], [72.95973828359496, 20.212790248271403], [72.96548809100267, 20.18048212624916], [72.9753650968218, 20.17699912480981], [72.9752613303462, 20.157980638995355], [72.96245338361683, 20.131283125515893], [72.97458781547539, 20.113919636881803], [72.99366404136248, 20.118361008054137], [72.99990649918567, 20.140642182091085], [73.00688603686115, 20.135380675977444], [72.99955615659138, 20.110833188800655], [73.00894957716133, 20.10545055569861], [73.02117531269056, 20.084837350663236], [73.03472427020898, 20.072177282155906], [73.04872830716567, 20.06832404421931], [73.04753110897354, 20.0970994358903], [73.08817538248798, 20.09399034288009], [73.10732524936083, 20.07911018728538], [73.13437583127967, 20.078124957500847], [73.15327270447182, 20.07335537245251], [73.17145909795909, 20.051850668573536], [73.18901024092992, 20.062468472941703], [73.18816568759644, 20.07800986406403], [73.20934714995104, 20.097655781689014], [73.20656615030765, 20.12215606165296], [73.21701173720197, 20.122726106824416], [73.22701371730926, 20.129853102738537], [73.25325691307614, 20.12804528736018], [73.25892851903598, 20.13937536737933], [73.2842393435709, 20.153926563560105], [73.28127200799685, 20.174458694713053], [73.28552019580047, 20.196250428014878], [73.30186746760961, 20.20721752097188], [73.31866533303872, 20.202485683167822], [73.32725491168486, 20.204080510307335], [73.3437413131112, 20.198434650139063], [73.3527177819002, 20.211933719565536], [73.3578627556617, 20.196289463088306], [73.36692787242345, 20.194898306311813], [73.38638029191702, 20.209074700137364], [73.38915579580339, 20.195908268351957], [73.40031033175649, 20.2003826779183], [73.41802779624584, 20.201441725855034], [73.42151976932195, 20.212188661177834], [73.41358783880776, 20.23162579039797], [73.41162484451104, 20.256860409080673], [73.4158777825337, 20.276677471288338], [73.42824909761782, 20.281949000346117], [73.41663585885783, 20.320529068062115], [73.41673213577951, 20.33748537694862], [73.40610597311223, 20.38138267816811], [73.39898643077919, 20.38374672513129], [73.3828097558656, 20.372735091451375], [73.38260402065907, 20.390033504242865], [73.38902301809787, 20.399053348233508], [73.4142927481119, 20.41412469789657], [73.42117941459838, 20.414170466194093], [73.42225154317424, 20.428593815652107], [73.44056663953882, 20.4664390707066], [73.46765414402358, 20.494715396198615], [73.46397621363138, 20.51373929323387], [73.49259257728568, 20.539887547572334], [73.47357209587557, 20.5430329534081], [73.47765234967625, 20.56370842120674], [73.47263837476123, 20.58325087812557], [73.44654650251914, 20.5942713107724], [73.43202892839241, 20.594812781784526], [73.41928437127677, 20.62419275619078], [73.39430190810663, 20.642327165266522], [73.39524335080006, 20.652091486033328], [73.41082312318866, 20.660174228358017], [73.43165074098897, 20.66451291673775], [73.43534295980982, 20.67766172540837], [73.44838042161922, 20.693038510019278], [73.43911829217552, 20.700755853300052], [73.45056584164035, 20.713952152469915], [73.46713553377793, 20.72127361778331], [73.47458203992926, 20.716833578506908], [73.48927237472037, 20.68561393653397], [73.4793488118982, 20.67517132010039], [73.49039620801864, 20.653033137369448], [73.52250137823609, 20.672677123250708], [73.53690136780392, 20.66873786246242], [73.55514153715228, 20.646917610759203], [73.56645000556335, 20.650569170330982], [73.58351868204159, 20.644611420780507], [73.61457820152282, 20.62477046628402], [73.62191986650868, 20.611769260642916], [73.62917990452905, 20.578769102212334], [73.64338457303967, 20.575861636305547], [73.65834686911279, 20.562260445263405], [73.66871967567255, 20.563604458678867], [73.69366485654797, 20.577788260220075], [73.73044038061914, 20.573360415750642], [73.74102749022654, 20.566724983870984], [73.75683287733546, 20.58266917684108], [73.77292504025849, 20.5911832600994], [73.7800487212715, 20.601569069956668], [73.79902058533179, 20.60080575328294], [73.81854075705036, 20.613279599174234], [73.8314893703382, 20.615010965883414], [73.8396414521913, 20.622752849864185], [73.83633066103124, 20.64363997670364], [73.84035013325212, 20.65558670116536], [73.83476946134164, 20.674362534603347], [73.81864000443272, 20.672854678200906], [73.81586559771921, 20.693053471140843], [73.83605386049732, 20.701325034222975], [73.85695991716648, 20.69348254218562], [73.86704520417288, 20.70689074051529], [73.87071415123717, 20.720486781140096], [73.88235694621613, 20.73022930683709], [73.89731957054181, 20.72976988547191], [73.91450138173343, 20.72264641130289], [73.94324881078404, 20.74138944736518], [73.94091154832932, 20.759854851020634], [73.93428653599489, 20.767936867592425], [73.93184306900247, 20.78873681954866], [73.93395551533484, 20.80791488106695], [73.94006273760533, 20.81771423582336], [73.93889168810097, 20.839174337825455], [73.92482201772202, 20.847445490816824], [73.92483687991813, 20.884947405398464], [73.92112763423302, 20.89813399278961], [73.91059225273034, 20.91408660431341], [73.89006255874017, 20.932041861242965], [73.8888329211025, 20.945557353189372], [73.8955628753265, 20.960730140083967], [73.90776344692557, 20.968972736902344], [73.90025327686732, 20.982157330496477], [73.87289883201555, 20.985505721411982], [73.84740891379039, 20.9981663510963], [73.813886494766, 21.025080763966116], [73.79619851095259, 21.04500565938372], [73.81248158735542, 21.059811727928945], [73.81131902025663, 21.083801853073112], [73.79170180089744, 21.06732885784055], [73.7754346865616, 21.07090712086699], [73.76376373111134, 21.067362641772547], [73.73746173856841, 21.080799277564665], [73.72912968168953, 21.102376739295153], [73.70803735114288, 21.10636330891964], [73.70223150607922, 21.111518986412136], [73.68655321116182, 21.10018845313465], [73.6720437390274, 21.10846231308534], [73.65301353324804, 21.107617122132524], [73.6508072687405, 21.120286368221343], [73.63849373060123, 21.122207813839566], [73.6216880212852, 21.119417593447224], [73.61655629903402, 21.13725114062771], [73.6044063574675, 21.15374286424185], [73.58166361448428, 21.15349279605573], [73.58117419982949, 21.167199935328824], [73.59987365204745, 21.17773149021616], [73.6061474692304, 21.175327794841905], [73.61268516189074, 21.157210741782364], [73.63048165070768, 21.15238099388779], [73.62942168186521, 21.1319148468927], [73.6646620739956, 21.14434808029972], [73.67449995211115, 21.151309048773612], [73.70651934139454, 21.149615720688985], [73.7156736736012, 21.13839021923326], [73.73006778520016, 21.137415013292298], [73.74140297336857, 21.15064602089717], [73.73505305195681, 21.16622449916133], [73.74655278728136, 21.167281881553663], [73.77321525597932, 21.163619506734904], [73.78336291366759, 21.167742463044306], [73.78995231464768, 21.18077778536656], [73.80581402359837, 21.171099592672135], [73.81626907945451, 21.170943485653368], [73.8296991268133, 21.194172948922528], [73.81508529465066, 21.194333816052847], [73.81389164428401, 21.220860150775366], [73.83019234110373, 21.241314148828963], [73.82601114919521, 21.26643380357723], [73.85235861146083, 21.26889819059909], [73.88605323716723, 21.261320949102583], [73.92781960109374, 21.284182219134152], [73.94277975947836, 21.296377138494222], [73.94628146142037, 21.329413000009993], [73.95137814428597, 21.343254297447913], [73.94970655461384, 21.373054718400567], [73.95638872965623, 21.39188542397318], [73.97608316120898, 21.39609984403262], [73.98337523397993, 21.403235431170287], [74.0041102422939, 21.41209085301051], [74.02961917038846, 21.41849865029252], [74.04154166441634, 21.417193841922312], [74.04764181621692, 21.430457063242898], [74.05198909132355, 21.454358498146235], [74.06533522294222, 21.47848405759322], [74.07492092576018, 21.45582534726202], [74.11584107350677, 21.448289935032506], [74.11765714106429, 21.45858026117014], [74.13587375087297, 21.461053039766], [74.14170308712784, 21.45282476555053], [74.1556199599932, 21.451901601577674], [74.16452432203988, 21.46195991431864], [74.18079422247547, 21.4655352095823], [74.19620716163126, 21.458198021421595], [74.21800887920648, 21.457474081563646], [74.21842284164086, 21.474002189049827], [74.23415554284406, 21.476871721552754], [74.23974757049405, 21.46336231262069], [74.25869683009466, 21.464146546625898], [74.26779351575823, 21.47405149977692], [74.30157649445971, 21.477794018579118], [74.30909384560454, 21.488014256952454], [74.32346265837504, 21.49412010146159], [74.32913287668094, 21.518161339574192], [74.33133347366095, 21.538569728510197], [74.31338961204102, 21.540474161653265], [74.30703679751025, 21.564398521174837], [74.28739808705211, 21.557154021640827], [74.27105882550444, 21.544784640099124], [74.26484793568375, 21.533773747460543], [74.25139577399585, 21.534538584887855], [74.23362234109823, 21.548552411864364], [74.22141419630816, 21.536068498962095], [74.20233249984506, 21.528214698849297], [74.19368665241711, 21.53697494094081], [74.18019719854192, 21.559232941247274], [74.1566046735669, 21.557259750437197], [74.15158424781487, 21.551236389947462], [74.1343004508052, 21.55025068352228], [74.12759009280859, 21.555550354165575], [74.08375405430621, 21.555148824858406], [74.06318683250635, 21.557966033006096], [74.04205060964796, 21.548304063182], [74.02038116975524, 21.551267556852338], [74.0000810807773, 21.539440417940966], [73.97819521363823, 21.540735701591416], [73.98221047523333, 21.521112194172474], [73.96909160139637, 21.522790900179928], [73.96450433140984, 21.53728566570095], [73.95737262124953, 21.536601107155434], [73.95569921944349, 21.518030092514834], [73.93390665247011, 21.508860513202194], [73.93211888387947, 21.519411693994527], [73.90489661238882, 21.518954109944275], [73.9044512240448, 21.512089472351306], [73.85500973101432, 21.49467194705278], [73.84408156161481, 21.509834561715707], [73.82794633285704, 21.55234095617027], [73.81869902963655, 21.59714991543632], [73.80100362641627, 21.601238234357083], [73.78172335874609, 21.623944467563206], [73.79429834958921, 21.633509944628315], [73.82329699346155, 21.638626649100615], [73.83955706880374, 21.63197788657027], [73.85462986817396, 21.64064771082326], [73.86468134067138, 21.637577486511816], [73.8800932716872, 21.643821783448573], [73.89263060162102, 21.666014573913515], [73.890931408158, 21.699012148591862], [73.88479593368544, 21.709376373820646], [73.8657460777194, 21.7206732472726], [73.85961250351426, 21.728132396992578], [73.84081781578965, 21.74077045189489], [73.82564295146108, 21.761678436710554], [73.83744574482535, 21.770911697017254], [73.83015892769242, 21.792248817628888], [73.8334364160578, 21.798935920956012], [73.82207977815926, 21.81071112311986], [73.8079927571601, 21.808914818164396], [73.8049647308377, 21.82213630464679], [73.82245105787007, 21.833626584499314], [73.83608994759305, 21.837250447650092], [73.85837076819644, 21.835367680973775], [73.87428590766854, 21.837341697361467], [73.89428557631834, 21.85316137919432], [73.91677745611474, 21.855226387188054], [73.95579202138475, 21.874581201461353], [73.97479842390817, 21.8860681385338], [74.01828416658105, 21.90447457094473], [74.0419762743856, 21.921279585084847], [74.09417125499948, 21.936045471021714], [74.13379800227602, 21.95172619410863], [74.14169342391244, 21.95241290473183], [74.15888630845643, 21.948191528416373], [74.18647181072555, 21.9259105063648], [74.20144231131366, 21.923770898708085], [74.28759795867893, 21.934783577400253], [74.2969399596115, 21.964235558724113], [74.30594842268164, 21.97003425867416], [74.34185347225997, 21.973353360469275], [74.35408827925073, 21.97964307946461], [74.37460856363435, 22.000262617525834], [74.38478578743423, 22.01825637802949], [74.4321872187652, 22.029028359471283], [74.44116079713314, 22.01400804723363], [74.43964399517432, 21.9811136122035], [74.44830832097227, 21.96554309653675], [74.45659217418955, 21.960870434123308], [74.46886242346216, 21.963538340422133], [74.49010080840566, 21.95250233511473], [74.49350846824126, 21.94442083925037], [74.51232442403301, 21.931916386731928], [74.51140519909075, 21.920475992273282], [74.52427805169077, 21.906779989305107], [74.51448719732633, 21.884255703338113], [74.51369246733356, 21.854525307197207], [74.50845420599688, 21.819283972577296], [74.50024100711687, 21.805250139282577], [74.50458089069559, 21.77534417929047], [74.51450140661467, 21.759880228789598], [74.51034907934661, 21.749619645030634], [74.50880480759582, 21.72218525134832], [74.52689896931201, 21.715571215239436], [74.5451716770313, 21.718098899244865], [74.55746601014829, 21.700964194541996], [74.55720214995932, 21.686074445879], [74.58228554943861, 21.680602195335098], [74.58646805076, 21.662715643012575], [74.60516836003183, 21.661203524722964], [74.65625733460837, 21.651775976680028], [74.66846395145024, 21.647663152132793], [74.69177829093542, 21.631385237838515], [74.71135183112216, 21.624288841356986], [74.7552611490828, 21.614686964232078], [74.77223741572419, 21.613501952752983], [74.79831370721189, 21.607776011553767], [74.79937355554523, 21.613983216852034], [74.82160917892054, 21.608215029100336], [74.83304126454277, 21.616880357642458], [74.84897270872358, 21.62242925740435], [74.85863375674256, 21.62985551981643], [74.89947563109558, 21.628098875862463], [74.90856581915727, 21.615977950921774], [74.92266663126009, 21.608853744704618], [74.95889933983273, 21.597882142546894], [74.98132885704115, 21.593013552033824], [75.01127835950876, 21.579018323936566], [75.015713734901, 21.5704417989499], [75.05572219672206, 21.562756744028547], [75.06300729974714, 21.548643669669673], [75.07425743992894, 21.535848139879818], [75.08801011187722, 21.512163823801473], [75.0929045471072, 21.49165713986514], [75.10469478053977, 21.467486903897566], [75.12785511112452, 21.44713338080095], [75.18625354236713, 21.425153102833463], [75.21815277682924, 21.408712556939008], [75.2306014848707, 21.41442526731231], [75.24184463012563, 21.412764853515228], [75.25238060338222, 21.40397070788191], [75.27508555055778, 21.406683755650874], [75.30037520505175, 21.4126299830873], [75.30167647728763, 21.393010308578937], [75.31946576613228, 21.390208868244713], [75.352424746405, 21.39129086508143], [75.36005110347571, 21.401016818971073], [75.38319872214339, 21.383390561025635], [75.40258970445137, 21.381570022938263], [75.40805581892096, 21.38770557115521], [75.4305210176309, 21.391720524282846], [75.4351575344927, 21.388496127394433], [75.46737792674998, 21.391963468938968], [75.4995350948688, 21.38933153102539], [75.52368523818325, 21.38491017246656], [75.5472995393423, 21.370247266098488], [75.55451225413725, 21.375199883867595], [75.58048804548696, 21.37761122437854], [75.5905262098168, 21.38947192598863], [75.61879961880743, 21.39117974215145], [75.62882427352145, 21.378957210906606], [75.65825710737965, 21.380470438959662], [75.6728990784298, 21.378072925525146], [75.70633742703069, 21.389029618721963], [75.74374196212193, 21.39088690041018], [75.75864419067693, 21.383196982854543], [75.80120792590509, 21.3878414218442], [75.83251995073522, 21.380995084555536], [75.84332826119038, 21.38714021774689], [75.86273434401483, 21.384984773928238], [75.87614653713302, 21.395857454258135], [75.8881367132388, 21.39730423859976], [75.9166226356262, 21.387507012538663], [75.96895176721034, 21.39164130210446], [75.98511962606995, 21.374863143519292], [76.00051975887982, 21.372493312116717], [76.03495638912614, 21.362958863460847], [76.05276937600593, 21.35040138781386], [76.09917935064658, 21.371609510570522], [76.10748136297457, 21.357889568548785], [76.12781655518995, 21.30507371488011], [76.12980647878601, 21.295252386988125], [76.14556869843676, 21.285524807124204], [76.15980788022955, 21.256921215641626], [76.14608296585624, 21.230987305719623], [76.1646331414064, 21.221974254308464], [76.16853454972977, 21.20593578630752], [76.16648818468201, 21.193324023085268], [76.1733169042518, 21.18613002408142], [76.16742455340045, 21.168579019606113], [76.14349823695414, 21.17098093702066], [76.12788200515047, 21.175768050754982], [76.11439274462953, 21.1625036072557], [76.12890299647614, 21.154571424032042], [76.14039802744708, 21.137947717713075], [76.13613533897478, 21.124098661823837], [76.16901014180468, 21.1033233809693], [76.16917544169331, 21.083744258690615], [76.18443851782342, 21.08787437720082], [76.22816283624593, 21.089377512162514], [76.2357989518602, 21.09183557784968], [76.27001464116279, 21.090881234381527], [76.28255130919564, 21.073254611311313], [76.29794321141014, 21.075130662749928], [76.33574310915719, 21.075135600027977], [76.36229889128089, 21.077948964473194], [76.37737351717414, 21.075264990886694], [76.39117411849082, 21.086001799843245], [76.41054035775136, 21.092036522367664], [76.41292670700199, 21.105201498150677], [76.43489280535874, 21.10462721087714], [76.45389963775813, 21.112806017883486], [76.45873483014833, 21.136253269972485], [76.46675519549592, 21.137155530103655], [76.47617236806042, 21.149971905279244], [76.48375434808474, 21.186097231202325], [76.49248438464667, 21.19568930211966], [76.52217186424019, 21.18709751743654], [76.53060274132349, 21.18716593246188], [76.56084898139545, 21.203678234363053], [76.57668177894101, 21.201939132584926], [76.58828234445468, 21.196556485093765], [76.6249854299337, 21.190544927306576], [76.63320726949996, 21.203251107652534], [76.63332239081575, 21.226753400948724], [76.64424654744028, 21.2455690320852], [76.66020361150754, 21.245659958040676], [76.66279600713005, 21.28022596655518], [76.62751514191035, 21.327506201649953], [76.63033924066349, 21.337524320091347], [76.67018728411591, 21.367204162642054], [76.73401677245613, 21.40651834244761], [76.73917716959079, 21.412997727563152], [76.74536702696679, 21.44082268152158], [76.77783478135012, 21.457793693424264], [76.78623998009107, 21.464154653114804], [76.7938856294183, 21.487533357078803], [76.78855848538586, 21.496862096608538], [76.77228714603501, 21.50837066957081], [76.76498383533578, 21.520254672615124], [76.78763350208453, 21.532902363753124], [76.78234635809798, 21.560045116289132], [76.78570088418849, 21.575531724309656], [76.79750185552626, 21.595078504269622], [76.8357591610565, 21.59062128164686], [76.85441038263309, 21.612569721815248], [76.89407665151629, 21.598262901112037], [76.90346766729908, 21.598378030521758], [76.91393368229365, 21.612482008238146], [76.98120695623612, 21.66351294236847], [76.99985713819643, 21.67911667719295], [77.01275891209417, 21.68190230115033], [77.03692556246477, 21.698015840059043], [77.06220502314335, 21.706906553094996], [77.0717640026067, 21.719302172357402], [77.09671263957671, 21.71712177235196], [77.12393094595643, 21.722849511295976], [77.15037616452844, 21.71217084800628], [77.16795534836069, 21.714439969728858], [77.1743592236993, 21.724776474254952], [77.1909802392467, 21.720095125289845], [77.18726576400388, 21.70199831057363], [77.21038144594701, 21.691564906795065], [77.22460500561658, 21.69767084483368], [77.2276074696091, 21.715429000947665], [77.26110355018875, 21.713383002823377], [77.27045471970962, 21.72661578569], [77.28627014684986, 21.721778181318086], [77.29001423766698, 21.733978949868686], [77.28139629890012, 21.74666617880115], [77.28018571879596, 21.757321070311207], [77.3245120047253, 21.754567293146124], [77.3406272172723, 21.759098601918993], [77.37921340397548, 21.754660153543284], [77.40446543892892, 21.75373668110302], [77.45330912381706, 21.760983658269254], [77.47482832656607, 21.768822885767634], [77.47932966543175, 21.755466865203744], [77.5003695771943, 21.74680449812911], [77.52142909867405, 21.724648865852544], [77.5245677640911, 21.711784960607474], [77.53693613479481, 21.710355841648834], [77.5457464592318, 21.698700422886247], [77.55407891810762, 21.673981282110503], [77.56214785673825, 21.666381824661528], [77.56394327586156, 21.642926058690705], [77.57490374980824, 21.6248054542084], [77.57140328803138, 21.618827924968798], [77.57578264285473, 21.58547544993212], [77.5745454194356, 21.560457736935064], [77.57765050866408, 21.555346191873298], [77.5942566701093, 21.559453019741113], [77.60935836919344, 21.54876988412292], [77.61073313672495, 21.540643393377934], [77.5928219861458, 21.52823351716313], [77.57052087144115, 21.527624519655888], [77.55691202177246, 21.53402698215956], [77.53266314548785, 21.538613584849088], [77.51536775621702, 21.545336237477443], [77.50781131064355, 21.552487712038328], [77.48741517227245, 21.551104068198242], [77.4608637968268, 21.554365938936996], [77.44539738937806, 21.542453497530914], [77.42680808792295, 21.540351252208552], [77.42024921982568, 21.530861739078034], [77.42407920309279, 21.514101234184636], [77.44252464449681, 21.487174971847537], [77.44162561203245, 21.470785140521855], [77.4604884404892, 21.46495612082839], [77.47264037765137, 21.45479907421793], [77.47254594703787, 21.434971800208473], [77.48510669621709, 21.413619586274933], [77.48633509368966, 21.38835716415184], [77.49037584926612, 21.37574422641495], [77.51392154564286, 21.374773048537406], [77.5226115758636, 21.38781082421019], [77.53058014205999, 21.41900241542919], [77.54755067552333, 21.409385810107096], [77.56238107342784, 21.396180058163225], [77.55769735025257, 21.38838221746539], [77.56598530257969, 21.371418522446902], [77.60503154377079, 21.363331896849616], [77.60934632007667, 21.36840955905393], [77.60420834933592, 21.387160581095998], [77.64952493812547, 21.39141659839737], [77.66573732601682, 21.38603871821232], [77.67367242754057, 21.371010402008494], [77.6919725007304, 21.394800368642166], [77.69631181503831, 21.378739983263642], [77.7080663570768, 21.375799560801113], [77.70895432608137, 21.357199257040122], [77.74213651628725, 21.364762350402202], [77.75026983288654, 21.382326885177633], [77.76888381623519, 21.382788158246967], [77.79731428912322, 21.388878841985047], [77.80324514174993, 21.410421172599058], [77.82192957888702, 21.406854972179246], [77.8505569448472, 21.39227197597097], [77.8672004695261, 21.38630348222], [77.88740487153763, 21.383682687805845], [77.90307528209865, 21.376624388404878], [77.92897498720595, 21.384279066925444], [77.94285919399664, 21.385132206985816], [77.94522198280833, 21.39715635048526], [77.98443680461492, 21.401025418288498], [78.00392006815667, 21.414386093743303], [78.02382357769602, 21.418818004947013], [78.04774560797347, 21.43325753500727], [78.06801354079232, 21.43709236921751], [78.09684972663365, 21.45424922152438], [78.13162668642252, 21.471635623085604], [78.17381210564423, 21.496734006169504], [78.18213086514737, 21.512540904139485], [78.17555289994641, 21.5269366947727], [78.17723274809293, 21.551469511308937], [78.1854433155566, 21.556833354875494], [78.22002127066514, 21.551923765169704], [78.23124052542994, 21.55464454800756], [78.24330582100691, 21.56368374900586], [78.2511529886196, 21.562212676673767], [78.27389581883705, 21.568917873461146], [78.25978121113405, 21.588012768374597], [78.27571825359456, 21.591141359586118], [78.28628021096301, 21.58495704742984], [78.30466598055062, 21.583273634370755], [78.30652244565442, 21.571101393214803], [78.32343534426576, 21.573826312934045], [78.3415066551081, 21.588748277111335], [78.34677911766221, 21.581116236325272], [78.36572557227737, 21.57655757916899], [78.38240723990225, 21.59385256914078], [78.37645986313225, 21.613255422499776], [78.38430498298862, 21.61687647257122], [78.39411669442995, 21.608798826704515], [78.4093222274389, 21.608352624474094], [78.4274124699096, 21.600219694583302], [78.41833274635923, 21.576039952781628], [78.4270981847335, 21.562033622553713], [78.4254364804093, 21.54710830840179], [78.43236149218916, 21.536667520289882], [78.43702113961393, 21.518290180947133], [78.43493478890946, 21.50015123748966], [78.44344771743829, 21.502167652415267], [78.4565568201412, 21.49574737703989], [78.46115742527502, 21.502869705472563], [78.48531287189161, 21.504550372901463], [78.49567196558877, 21.516391089777017], [78.51351725611653, 21.526848743774565], [78.5422612497569, 21.52300883019342], [78.56504995798923, 21.51308310630037], [78.57031203787028, 21.504474988130255], [78.58990106528199, 21.48541311902028], [78.61043777128617, 21.486908583664274], [78.62603858511267, 21.47611139962146], [78.64254115275207, 21.48276785854989], [78.66422595666262, 21.47747898156979], [78.6892278182093, 21.480570217641457], [78.7090684273661, 21.469831214339138], [78.72938875198935, 21.463037347995282], [78.7440777180123, 21.47155844776421], [78.75172339881584, 21.49250879604415], [78.76629410848636, 21.488413823039537], [78.76963189639497, 21.472956728969905], [78.77745847762668, 21.465823644645525], [78.78989593874661, 21.487813913181583], [78.82869946011203, 21.489814219450693], [78.84953013740596, 21.48868868463512], [78.85690742453806, 21.49442097864528], [78.8907752488787, 21.48434372708141], [78.90118460748369, 21.499315423767825], [78.92601623366232, 21.486412260417524], [78.937275119751, 21.486190780779964], [78.94178548960872, 21.518141700179342], [78.92888440099438, 21.52252789704488], [78.92723162513943, 21.541898528594288], [78.90986783073583, 21.55351984956144], [78.91816508834819, 21.561809939577074], [78.91869304794585, 21.591000883683876], [78.94583899217582, 21.59242888478525], [78.96778665173264, 21.604536570806147], [78.98028718410632, 21.61621161547373], [79.00000879946657, 21.617425221796623], [79.01511910596201, 21.600205500583456], [79.03654459665586, 21.6043292680813], [79.05634946675457, 21.60267368993891], [79.08718728176768, 21.605907797706777], [79.09374288532598, 21.59796083052794], [79.10978037126716, 21.60812763748055], [79.10483617654836, 21.617651880629865], [79.11690860914507, 21.624317669125162], [79.13342482219787, 21.626824931325586], [79.14679252135784, 21.638291013119783], [79.15355651582058, 21.659261283181706], [79.22239658773242, 21.64900158075841], [79.2327353954222, 21.656454548538647], [79.23420142975226, 21.670180602352957], [79.22396632018956, 21.680024898930014], [79.22767895541949, 21.699342824811538], [79.24058113041491, 21.713941859529257], [79.23449704949928, 21.722657461073027], [79.26349992108453, 21.716282980974825], [79.277615473975, 21.70782119509215], [79.29067422543523, 21.692719315244233], [79.3232266635797, 21.68466576041658], [79.3280392317252, 21.68722762855225], [79.35425047907643, 21.683280875512025], [79.36773380047458, 21.678406963710472], [79.40071898339443, 21.673511693909575], [79.4173772290759, 21.689888877170006], [79.4289780877686, 21.689498356464014], [79.44675028229972, 21.68119355803634], [79.46453958463417, 21.68628087895945], [79.4946249953473, 21.673121758662262], [79.50720762323328, 21.64477624382863], [79.50869630069377, 21.633672102285743], [79.51853826173146, 21.625576961907313], [79.50425389260312, 21.611469698967483], [79.51287851872871, 21.60150501734273], [79.51188752428988, 21.58940141963984], [79.5278015836762, 21.57948472314149], [79.54561049213055, 21.56439300923006], [79.5399762116329, 21.549970338760204], [79.54271422997778, 21.54344203951854], [79.56641522758076, 21.547260160727888], [79.58227144437171, 21.542620532211856], [79.61486828294494, 21.555205477650702], [79.64693304482421, 21.55478016127546], [79.65681201836003, 21.5581208027329], [79.66433578077175, 21.576618127824418], [79.69106581373637, 21.579995467017227], [79.70003899370465, 21.59025704722501], [79.72007501115291, 21.590442853454988], [79.73888584440624, 21.601854498386444], [79.79811742917605, 21.58081427635784], [79.82452922624287, 21.55847168941699], [79.83137300496026, 21.546200023712174], [79.85691446243254, 21.53704856034284], [79.86343591513543, 21.530451339757576], [79.89614076858169, 21.52344623705426], [79.92221832811339, 21.524076295784482], [79.92471506195062, 21.539886260442643], [79.9335938562715, 21.553299556129673], [79.96789653519699, 21.557594924166494], [79.97822512928633, 21.55472304083571], [79.99204177540764, 21.53642606850832], [80.00001228953562, 21.534369385538753], [80.03267132432222, 21.55631092790702], [80.07008129581521, 21.5542803405653], [80.08855703178165, 21.571453243072767], [80.10056020039298, 21.58598250299019], [80.11645930225507, 21.593094550373223], [80.12514663990555, 21.608572522204213], [80.15050861607983, 21.604679224866402], [80.17158524896013, 21.621414172825894], [80.18333889887117, 21.623625316155483], [80.19482432148533, 21.633898334840353], [80.21132488273719, 21.63325716678486], [80.22723391851059, 21.619382450539717], [80.26689847688328, 21.619934082991563], [80.27754613784407, 21.610437395969086], [80.28210568622848, 21.598919847772834], [80.29467320190679, 21.592142709718303], [80.3020550288166, 21.575363984560283], [80.3165660756639, 21.577239293158925], [80.32688651919756, 21.573496762665513], [80.33679628102362, 21.55465634441481], [80.33113643639746, 21.548675274544337], [80.34471149763755, 21.538737497937234], [80.3725577574346, 21.52636652459546], [80.3773352061549, 21.520998473101088], [80.38206849906203, 21.491228469018665], [80.39117745687417, 21.476471223767987], [80.4076920709324, 21.465584148889434], [80.4180571577117, 21.438407706850228], [80.40476272991611, 21.423301189198583], [80.39581085398777, 21.407607093192837], [80.40611096564862, 21.380770809825037], [80.41117866696197, 21.376102993858126], [80.42771646824048, 21.375983268912762], [80.44029733525389, 21.37150227720838], [80.44971847382857, 21.374131534242963], [80.44996573882781, 21.388297764830043], [80.45509274143694, 21.402624268994884], [80.48241401749294, 21.395059893199573], [80.49227603341228, 21.39797497996142], [80.50736830310478, 21.39115189374496], [80.52624965579702, 21.38995745197485], [80.54371032157411, 21.36956742629576], [80.57100890054039, 21.35836381343927], [80.56819804880098, 21.34382353772611], [80.5884818420634, 21.342109864278882], [80.58994069260893, 21.33170814721325], [80.60002584921364, 21.325351045614298], [80.61535561996595, 21.324506924854745], [80.62462907906882, 21.319761874211167], [80.65517886461299, 21.32699578782541], [80.66342402359987, 21.331383496451224]], [[77.30094995597574, 18.47673601895218], [77.2748991449796, 18.4748583622237], [77.26833200491814, 18.45297080795649], [77.27511440490593, 18.44989206886396], [77.29394957291453, 18.45824988592352], [77.30078149856735, 18.466930046084826], [77.30094995597574, 18.47673601895218]], [[74.30910680123793, 15.79856310010706], [74.29628240231108, 15.815703576658791], [74.2897467331253, 15.83079594707533], [74.2655200521088, 15.82146516518526], [74.26817213933282, 15.809157480733177], [74.26523309643034, 15.797056716794089], [74.28707040017889, 15.788338074642468], [74.2977870643216, 15.788585103120056], [74.30910680123793, 15.79856310010706]]]]}}, {"type": "Feature", "properties": {"ST_NM": "Tamil Nadu", "ST_ID": "IN-TN", "ID": "TN"}, "geometry": {"type": "MultiPolygon", "coordinates": [[[[78.93929670847638, 9.18738397459083], [78.93602811620468, 9.180290661884612], [78.91856961419637, 9.175629861528932], [78.91738791671906, 9.18639926101713], [78.93929670847638, 9.18738397459083]]], [[[79.0872906552396, 9.19283113584828], [79.08117101243232, 9.191820623423098], [79.062349899928, 9.19917732147627], [79.0710833629069, 9.206161334178262], [79.088354245652, 9.197853584175618], [79.0872906552396, 9.19283113584828]]], [[[79.32715127621049, 9.296509562466383], [79.31739115347898, 9.275019616462203], [79.33503712995963, 9.251715309813733], [79.3545349427335, 9.230500195727473], [79.38755321890596, 9.207028542333433], [79.41657459404234, 9.183740552084885], [79.40072763936911, 9.182980313790495], [79.36188494353536, 9.208377471443214], [79.33111822352726, 9.231358328823887], [79.30899358548567, 9.24263582098638], [79.26240175443746, 9.26111083389793], [79.23530979471133, 9.260987400148451], [79.21983428522412, 9.258302018223617], [79.21455636018794, 9.273632294394929], [79.20555825820713, 9.278012243670162], [79.21058639834365, 9.289238621964898], [79.23309494887286, 9.29438867419799], [79.26023423452239, 9.291457917648813], [79.2707087490096, 9.29348839887058], [79.2898640226066, 9.31628118283038], [79.31681944006516, 9.3249157680483], [79.33324199502209, 9.312938603333919], [79.33362888426564, 9.302987103971702], [79.32715127621049, 9.296509562466383]]], [[[79.78973153168488, 11.875754191902502], [79.78449939023471, 11.861950107511518], [79.77954798205377, 11.862371052282299], [79.78066435007975, 11.873205436781518], [79.77990341211284, 11.877922703769798], [79.77850592770648, 11.878234020283855], [79.77357163812064, 11.876189635543312], [79.77058328449107, 11.89403739650868], [79.78147355556018, 11.901777713870445], [79.7964923182659, 11.889592491000712], [79.78973153168488, 11.875754191902502]]], [[[79.69546089680301, 11.884924228070702], [79.69347069351772, 11.883871502367981], [79.69546089680301, 11.884924228070702], [79.69713817738506, 11.887656980885026], [79.71082516375037, 11.887714637320698], [79.70858265656443, 11.86823439550102], [79.72185762932617, 11.86148078820787], [79.73316181156838, 11.862039411089995], [79.7333503679252, 11.862781459696635], [79.74554919573887, 11.86132416857555], [79.74297487199283, 11.84678459163564], [79.75361926391793, 11.849478048573133], [79.75880830535908, 11.874191975978931], [79.77012441081297, 11.872338230425044], [79.76916570383423, 11.856741179361961], [79.76254153416454, 11.847208562625099], [79.77337283039185, 11.83664226243053], [79.7757111864222, 11.837572762173295], [79.77337283039185, 11.83664226243053], [79.7757111864222, 11.837572762173295], [79.78235768445961, 11.855033957651074], [79.80141631241293, 11.852991643149835], [79.80316346312338, 11.849696543360835], [79.80931330066835, 11.844829208301348], [79.80812622254717, 11.834093131392933], [79.80756347987074, 11.832101179825656], [79.80576050104634, 11.831341024268909], [79.80115052947343, 11.833941635198357], [79.7994626153075, 11.837524898455342], [79.79841450132824, 11.83714673533359], [79.79795198989245, 11.834054625120928], [79.79344586123756, 11.83285724616502], [79.79366238291271, 11.831939664284107], [79.78032907832437, 11.831816428385537], [79.77353411570692, 11.821993719134866], [79.76446500955262, 11.822835969304606], [79.76448519933257, 11.831164034092922], [79.73871673588872, 11.842773813160989], [79.73424445142035, 11.839574807731253], [79.7301954211818, 11.837803447271313], [79.72930689100025, 11.836725977621825], [79.73159090279796, 11.82417619297695], [79.7334153520369, 11.821850083014965], [79.7329811467626, 11.813129522609415], [79.73651680980299, 11.808594549998531], [79.73336376692436, 11.80819164742661], [79.72668517657968, 11.808934339048562], [79.72575333594773, 11.80205542921476], [79.72317931257527, 11.801581143854776], [79.72286659941409, 11.796597706319119], [79.71838162461233, 11.796038454810912], [79.71250414584972, 11.789296169982322], [79.7286495531344, 11.780651367566634], [79.75514876970004, 11.77419670571345], [79.76344890963952, 11.790417686626995], [79.77010354024623, 11.781294460171239], [79.7839997376978, 11.787209745533403], [79.79509635641176, 11.78485633215405], [79.79306763876059, 11.75642291578498], [79.76977395400485, 11.673746603323139], [79.75926005640656, 11.612582115572252], [79.75845373774985, 11.578090593406216], [79.76320304218672, 11.53752572373321], [79.76735120919102, 11.522865241038119], [79.77766364426185, 11.509402163379207], [79.79059394915151, 11.476018647342755], [79.8104309529262, 11.439350450163204], [79.8245188381739, 11.367195407941779], [79.81412346672465, 11.358417799941549], [79.83814182608444, 11.354703177209899], [79.84010445525644, 11.34633978795091], [79.83420137459382, 11.328096717389656], [79.83765796564268, 11.282558952933357], [79.8463990251949, 11.247109251690688], [79.85393807608142, 11.195248602141305], [79.85714686253772, 11.150843677693615], [79.85787783149681, 11.090953659683692], [79.85680608333416, 11.012698141905787], [79.85248976109364, 10.987980570447007], [79.84152958122525, 10.994974368672217], [79.8418741852455, 11.002110856930528], [79.81851166727967, 11.001631127074916], [79.80899934014747, 10.996330701001114], [79.80049415118418, 10.982717241407613], [79.79100451484652, 10.986365941135318], [79.78933957026499, 10.994911319002199], [79.76963410223209, 10.995188870470031], [79.76008337404852, 11.00032845819186], [79.7542207610793, 11.004356490159921], [79.74717300802797, 11.00034214317543], [79.74687942434599, 10.996586936737799], [79.74720996117082, 10.986256837183362], [79.75523867762291, 10.984584670146432], [79.75656635125614, 10.981367564961204], [79.75520286661907, 10.97389018508403], [79.76282508770771, 10.964593826543933], [79.76263956386487, 10.95864760180541], [79.7571993552661, 10.958939644049394], [79.74377183050564, 10.96760471898267], [79.72855540580741, 10.967479917364358], [79.7206976810532, 10.967048836334754], [79.72143401536755, 10.950395053988586], [79.72643356695562, 10.950798111243898], [79.73627235518512, 10.95578454352193], [79.73832285891285, 10.950557425684678], [79.73012698457273, 10.943151126423402], [79.7255865287953, 10.941937613629989], [79.72134610933551, 10.934091336346171], [79.72755769343286, 10.934370818658408], [79.72747687046126, 10.932651122451375], [79.72637058833203, 10.928434497254273], [79.73797785649293, 10.925965839352045], [79.73675661582524, 10.921054658745561], [79.73836576556766, 10.920468743237961], [79.74106937675037, 10.923298982562017], [79.74307980129186, 10.922190038439567], [79.74275158561721, 10.918874157116704], [79.7455740817785, 10.917588719244065], [79.74405927271732, 10.912745027361154], [79.76018768641268, 10.914690264544106], [79.76643379458403, 10.904779919957377], [79.79043077076352, 10.904983544455035], [79.79292328138439, 10.891221478188697], [79.80977893634889, 10.885493930800294], [79.82011223119457, 10.88664226792639], [79.82553598219988, 10.864443785652213], [79.81301117982213, 10.859317885611972], [79.81407206057719, 10.85141173596287], [79.83068730607437, 10.844309370680946], [79.83079828421353, 10.829663930945685], [79.84947962318614, 10.82700439193917], [79.85103093213189, 10.763754933943119], [79.85062669946268, 10.716119907307927], [79.85345710426202, 10.680994816357725], [79.85720872330398, 10.66924991505158], [79.85811269754299, 10.568546370218883], [79.85948224271141, 10.562574834960742], [79.86150047067025, 10.492634190715364], [79.8643258167831, 10.466911175410473], [79.86575347704138, 10.418093466540313], [79.87090471637964, 10.340381771501598], [79.87933697841885, 10.29032079037222], [79.84922155193311, 10.281440083193331], [79.81953645734171, 10.277127636131524], [79.79778122662236, 10.271361000609716], [79.78711233716467, 10.279266836395436], [79.78562793418189, 10.28955795573512], [79.75927497525998, 10.31066490296297], [79.73916466751547, 10.316242155651025], [79.72864836782799, 10.329926249796642], [79.7076077644868, 10.3311583344896], [79.71695125469671, 10.319507287331476], [79.70641068050855, 10.312063383818156], [79.67913607297146, 10.324340278181353], [79.63788659888746, 10.338082291364685], [79.61339820975962, 10.31829937101918], [79.64840602371908, 10.316147725037524], [79.68096695236301, 10.307393962561378], [79.6999584783012, 10.295174639198308], [79.72295843548346, 10.289276922092313], [79.74752911167923, 10.300063091238712], [79.75124783621874, 10.28875090143299], [79.77263245452423, 10.282060247582422], [79.76936474718536, 10.272880441179439], [79.72004422825859, 10.27984837310396], [79.66551911591455, 10.29145014101124], [79.6518460123836, 10.2900326116158], [79.61654804295785, 10.301830770773506], [79.56417115377576, 10.308164993619584], [79.54474063637133, 10.30863557557143], [79.5562899827965, 10.329860931137091], [79.56547187742524, 10.331232586114993], [79.59793557226891, 10.327589696907012], [79.61115637886383, 10.329604347362817], [79.61281692036465, 10.340072760849296], [79.60024878775141, 10.347793079087353], [79.58191272729061, 10.342497060590915], [79.54957551939475, 10.349297047720597], [79.53277342085676, 10.355773576589343], [79.53787477300244, 10.341425701834737], [79.53784021475417, 10.326843921509806], [79.51932667308756, 10.311776532461067], [79.48231192845282, 10.316968955353047], [79.43865884532948, 10.324722390226157], [79.40161835220528, 10.324786748409736], [79.3879417799892, 10.321604786032083], [79.37746786445047, 10.313912609379486], [79.36483111986036, 10.298068792440858], [79.34901885563573, 10.302040193200412], [79.35317158669943, 10.290351899720463], [79.32914163417911, 10.28609074549155], [79.3175104917159, 10.271817330105762], [79.29900576340532, 10.264467968721817], [79.29250791610752, 10.253024657761785], [79.27561000020143, 10.238209119355417], [79.27195214537528, 10.226109947216344], [79.27799362990214, 10.21394962477541], [79.26153594382879, 10.193925692416826], [79.25021238749173, 10.188983587722419], [79.24018310126917, 10.174723105486976], [79.2383855381621, 10.160858865444311], [79.22883405095075, 10.145037139452484], [79.23310102379327, 10.124249706958437], [79.22639535755974, 10.10388858369123], [79.23283052390963, 10.076359504887307], [79.24502637586659, 10.070671777680445], [79.25134104475347, 10.049896372719502], [79.26171658075566, 10.044635045570942], [79.26347186313603, 10.035814170287779], [79.2505795869784, 10.028787432594015], [79.22231803464962, 10.00695913645501], [79.20806811225361, 9.980386534311151], [79.19500968005275, 9.963580680204302], [79.16697088439884, 9.942910361923737], [79.15735651659003, 9.930474035748205], [79.15101686543602, 9.910832523002568], [79.12549302478334, 9.88859065113769], [79.11998868463013, 9.87783846557278], [79.12308925386606, 9.857904354802201], [79.12046216509691, 9.851748480108313], [79.10518648496839, 9.838978098060807], [79.08098117184369, 9.81115257752947], [79.07453995845236, 9.793282045729882], [79.05574720157216, 9.771386135861519], [79.04513514926776, 9.766189027501639], [79.02872639800495, 9.75228851330428], [79.01359869232584, 9.731813885702309], [78.9916094400237, 9.712572586555666], [78.97710513179646, 9.68279453893689], [78.97067494049617, 9.661142236525052], [78.95468389014945, 9.62566172360971], [78.93620132113409, 9.603069523539716], [78.92525542339911, 9.586380912249354], [78.91878459353421, 9.564609297680988], [78.91969689459609, 9.547402422383925], [78.91514860932091, 9.510080619525013], [78.91545923335701, 9.499642895403326], [78.89798917595976, 9.488894416843891], [78.89455162086068, 9.478616304398997], [78.90044155973027, 9.456730293368366], [78.92969961844267, 9.416416785106605], [78.9574499565503, 9.388111614759282], [78.98764783737784, 9.354152894140782], [79.01640253205125, 9.328604788879943], [79.05180462858078, 9.299971849821077], [79.06330347087851, 9.294742401840438], [79.08010506040029, 9.297308775579552], [79.10144242922479, 9.289303755364074], [79.1209814939009, 9.293068308455702], [79.1477239177247, 9.288111107741486], [79.18656237955025, 9.287517444574462], [79.1842530383471, 9.27797391816182], [79.1495663390154, 9.274956741260667], [79.09378940995339, 9.259883660402636], [79.04966587617929, 9.262327775806284], [78.98777387016804, 9.275184975706111], [78.965906911275, 9.274549375353445], [78.94182543119877, 9.270714310017468], [78.91515297373081, 9.258848569505915], [78.90489477947057, 9.248235839112738], [78.87759795328299, 9.256578125779924], [78.86762452754994, 9.255029711751831], [78.81485455099681, 9.237478588566034], [78.77665609800056, 9.22197101105337], [78.74132001260853, 9.210642796228115], [78.7272251054543, 9.209449935466182], [78.72163320011214, 9.202999671297846], [78.72083055698465, 9.18732922926057], [78.69404979326339, 9.194841832884322], [78.672888152866, 9.193747994674254], [78.65770521802148, 9.187468947034347], [78.64566343611875, 9.174991080274197], [78.65159217803665, 9.157419935481698], [78.63031775096351, 9.156521953425454], [78.60017862644253, 9.147539265824491], [78.58555375240383, 9.139297485590532], [78.57429404253611, 9.12800883823735], [78.54894580440538, 9.135419397587157], [78.5273855997657, 9.136007187281905], [78.49144849924892, 9.12906839429104], [78.47729601659796, 9.130586352777982], [78.46603659271466, 9.124227713338371], [78.42229039378668, 9.113391280183464], [78.39774707946418, 9.099015953623393], [78.36981112038694, 9.07857413958493], [78.34757671739163, 9.064658196618552], [78.34064618827102, 9.055316586891024], [78.30915092927205, 9.038706220215943], [78.30701653858245, 9.029066417780996], [78.29115929566501, 9.021611014636676], [78.2820654077924, 9.021561303711223], [78.26716454171032, 9.006984155794214], [78.26783059490606, 9.000840809555768], [78.23737813489305, 8.980912360017442], [78.2125003366213, 8.961582335556386], [78.19157742935494, 8.928450984925064], [78.18575340089876, 8.913596334103602], [78.18301775316684, 8.896496934985635], [78.17211930366301, 8.880383718034182], [78.16485892659824, 8.793089903076634], [78.16536049019453, 8.75837193791466], [78.17534208896632, 8.766350419136586], [78.19007128256368, 8.761833690172693], [78.20592196672544, 8.766914893907256], [78.1967629004875, 8.747445981746694], [78.18346388075355, 8.751473470524274], [78.16988218971136, 8.743474092655276], [78.15987513742772, 8.71626598818483], [78.14104057466284, 8.69294960903727], [78.13886737822696, 8.676554712729853], [78.12631621672006, 8.635222369716644], [78.12693675522712, 8.62797120260899], [78.14181946309782, 8.590809815420698], [78.1348398363894, 8.552812485008246], [78.1247598284034, 8.536118342887278], [78.12700727826336, 8.512671058422654], [78.13310013386416, 8.498710619699409], [78.12909414697737, 8.484119147380795], [78.10546271553193, 8.463223584900561], [78.06716208965878, 8.416292073620355], [78.05991311509825, 8.380985905075534], [78.06335627657097, 8.370071953957563], [78.04089909351842, 8.358319531621135], [77.97443768974762, 8.334409893102134], [77.94783877613867, 8.305980931974489], [77.9399801547604, 8.301270633832758], [77.90954478276558, 8.290633848373432], [77.89018474972647, 8.270687729854899], [77.8695249445206, 8.2607182413538], [77.81443079694378, 8.246163418207232], [77.78689208999799, 8.225671261919274], [77.78383683310341, 8.218926205380114], [77.7869091609291, 8.203080082579788], [77.77555456988756, 8.193309454867517], [77.76577463599074, 8.192617489505608], [77.75314196532952, 8.178525073473395], [77.73290887494466, 8.168835193189636], [77.6729726677545, 8.15633949736997], [77.65541419081234, 8.15913378359727], [77.6349033493102, 8.152316885615846], [77.58923699798913, 8.14134423304995], [77.56308997931916, 8.121692090317765], [77.5591085196425, 8.103436472415297], [77.56581503033942, 8.090169482935323], [77.55560423214968, 8.0788351050561], [77.52788057872579, 8.081176368594583], [77.50461184116358, 8.080010051322859], [77.4547793732695, 8.089071519535025], [77.39007920359245, 8.107359781029118], [77.3610924901264, 8.123280714833186], [77.34059396304104, 8.125280717131432], [77.31750753154739, 8.121362837724803], [77.31035973431432, 8.125973039524183], [77.2998729287927, 8.147062423891782], [77.27676087921128, 8.163988112661343], [77.25048011966186, 8.170206558585846], [77.23852750913727, 8.17786326597701], [77.23378756124703, 8.189167739599554], [77.22323103038781, 8.197962524650848], [77.20507242055584, 8.206604594926148], [77.18713945692048, 8.219792801096958], [77.16836439060421, 8.240705789740446], [77.12843755754727, 8.265852899891456], [77.10005572719012, 8.29135591674219], [77.10858464296695, 8.304977394691036], [77.12389127326372, 8.30928344577444], [77.12804730393998, 8.320591922279448], [77.14118139790327, 8.330696950304059], [77.15630772042499, 8.327883764823923], [77.16908311709221, 8.329774683854623], [77.17019889606229, 8.343324002001168], [77.17607492152047, 8.353083396281761], [77.16240272810347, 8.370135311195725], [77.15391306503597, 8.386383976839113], [77.15984217297796, 8.39068991280925], [77.17283616066032, 8.385348564884396], [77.19889881932511, 8.41709347568343], [77.20173772721438, 8.435521495420744], [77.20774057416821, 8.442811642743152], [77.22863517347452, 8.445848151471068], [77.22813961465152, 8.45882498098814], [77.2177894089541, 8.468357781186683], [77.20982974784465, 8.496320941158558], [77.20534913655348, 8.50148745188443], [77.21745128275057, 8.512107040507544], [77.22528957135671, 8.51262150038201], [77.24154653774258, 8.496539855929655], [77.25140650860357, 8.504172308605234], [77.26655464418155, 8.509678477979435], [77.27147406977258, 8.525408036951376], [77.28411997575631, 8.545841639280297], [77.27035207378924, 8.579379247854035], [77.24707317568658, 8.60614460349069], [77.24687511709305, 8.62124549228571], [77.23726157935846, 8.626701297826685], [77.2308887279325, 8.637097290707459], [77.21691226868631, 8.649388787362682], [77.20542188541174, 8.670578117885896], [77.20877936937245, 8.679476287200941], [77.20597660703487, 8.69205134459395], [77.1974676094427, 8.707900475626502], [77.18515984225297, 8.715883752033562], [77.17333318178095, 8.745802307930205], [77.19458657820809, 8.743328333236036], [77.20174649380573, 8.756476050129663], [77.20101467049074, 8.769455023630485], [77.215874780197, 8.766120145928028], [77.21641382393886, 8.777890104145058], [77.23272825160757, 8.784202296298986], [77.23535716420184, 8.805503715624013], [77.24538603943421, 8.80906228169897], [77.24886016906163, 8.820084546264866], [77.26502962781512, 8.84046294640791], [77.25771437771641, 8.87664055172013], [77.24492070232861, 8.880378581106697], [77.24165202102398, 8.893701122608775], [77.2239200082019, 8.901689237368487], [77.21967223318705, 8.91518287129253], [77.2249892805309, 8.922418175258656], [77.21139955314692, 8.930402085687774], [77.19795290070584, 8.92420292752314], [77.19759817571531, 8.955499343719794], [77.19213452808606, 8.965318118436471], [77.18055698341811, 8.970777806350725], [77.17573721979693, 8.986627337581638], [77.16410673293944, 8.995357485659497], [77.16036916580441, 9.006286515710201], [77.15138247262308, 9.008368132383453], [77.14926491364491, 9.020235823524501], [77.16399552727182, 9.029992641247418], [77.17084235559031, 9.045019308094652], [77.18454079662052, 9.047034605162935], [77.19732994751911, 9.053338919255793], [77.20996758243803, 9.073613845202829], [77.2068150701594, 9.083769367462367], [77.2129026674242, 9.097030612073127], [77.22639941749918, 9.106224047701687], [77.22876715887736, 9.11502311802252], [77.2496347065765, 9.12663988392353], [77.25471590221719, 9.13872374960141], [77.26884137373048, 9.1518396718634], [77.26928765779923, 9.173757267084284], [77.26532433564961, 9.184583701576628], [77.25351407161719, 9.18796748351258], [77.25660127962539, 9.19874095513103], [77.26717386248384, 9.19906122259738], [77.28370961600604, 9.217697704285683], [77.27633216609667, 9.233268331468366], [77.28048668141525, 9.240732263783002], [77.2843663702119, 9.27130380392748], [77.29087966426516, 9.272096128233784], [77.28349624555534, 9.299800483105855], [77.29437973034032, 9.304209756575062], [77.30342989767172, 9.317084569697158], [77.30075569521921, 9.336451689393982], [77.31677702573921, 9.333972307975671], [77.3372516047778, 9.360180137903114], [77.33635409846295, 9.385226253289034], [77.3423645716677, 9.387789983920698], [77.343957853772, 9.403181231428732], [77.33817923928052, 9.414768374560879], [77.35109430515809, 9.433083943069562], [77.35069605477918, 9.440205456716512], [77.36806269193971, 9.458915076669484], [77.37670250401743, 9.45291775065374], [77.38875364156735, 9.454536897260027], [77.39872430368371, 9.470476791470787], [77.40431952752425, 9.500282990567598], [77.41268704647007, 9.505892350851354], [77.40278248992001, 9.516117441067081], [77.4031111120882, 9.526071662677111], [77.3870577369251, 9.517972632730846], [77.36678483625127, 9.535532035075391], [77.36272054901417, 9.557798892804726], [77.3519810357962, 9.566044107549601], [77.36133349044826, 9.576508490274648], [77.35697854862116, 9.586867939204069], [77.36084808587054, 9.596853106485753], [77.35690387521373, 9.604286990652156], [77.34453064457364, 9.582420476923517], [77.33703598062607, 9.576544454163297], [77.32021235681486, 9.602176800718837], [77.30235481842021, 9.596388683990597], [77.2769860541631, 9.575691395041872], [77.26637249729299, 9.574393951219918], [77.24563217578435, 9.584858421179263], [77.23853623705776, 9.581692756315704], [77.21215782462394, 9.604550706949624], [77.21148811028814, 9.613044881915812], [77.20149045951717, 9.614751389565015], [77.190078681486, 9.605953705998786], [77.17093114655523, 9.610245288789088], [77.16998495094481, 9.622699433232299], [77.17765540177544, 9.628584515762839], [77.1760067502114, 9.639012644118282], [77.18099486152369, 9.657019567099383], [77.19493703411689, 9.669214081764494], [77.20699018974551, 9.695046461824802], [77.20428110438951, 9.706362971973647], [77.20517008243343, 9.724384943310554], [77.22348748915635, 9.730593146856279], [77.22125807070347, 9.746407563158584], [77.22759772815272, 9.76433298417993], [77.22492638644366, 9.788878344460102], [77.23767475038949, 9.790749481103717], [77.24914657165704, 9.797532066351835], [77.24795390514868, 9.806298361780023], [77.23402792754689, 9.822226528831266], [77.22392328083481, 9.823468717407422], [77.23001110293012, 9.839836650241239], [77.23870381852646, 9.851955564297896], [77.23324033637249, 9.862456241862105], [77.22408867785026, 9.862745644595861], [77.21395052779468, 9.874912187647396], [77.22137228460332, 9.886713394607511], [77.21923157977363, 9.903278614416593], [77.23168273487039, 9.914744527138282], [77.23667484816576, 9.93183136092864], [77.25496769350428, 9.95212397294307], [77.26469410784688, 9.951619454174534], [77.27377165773589, 9.962479063757826], [77.27617923908065, 9.972830105824755], [77.26454477092449, 9.98185026188014], [77.25980242274369, 9.995296855865263], [77.26232253355812, 10.003920102430811], [77.25529420496366, 10.011958602607478], [77.26350925824573, 10.024897130897898], [77.25158918519281, 10.044263192092671], [77.24512938101617, 10.048560728394932], [77.21874762310438, 10.077468070395184], [77.20947114857472, 10.082502727019289], [77.20234184230225, 10.104596408597445], [77.20877414341203, 10.115215248984612], [77.21751609509175, 10.112598733544758], [77.23298285597406, 10.120309554042706], [77.23935282237488, 10.127486172748718], [77.26763042490427, 10.120517916168922], [77.27534481840871, 10.137826515581253], [77.27339230840835, 10.164476945954334], [77.2786226089463, 10.188884874537393], [77.2880392688972, 10.210637517007854], [77.29461727186964, 10.216432588193413], [77.28895175072279, 10.229725109426283], [77.28031169852613, 10.234243844777666], [77.26525739191516, 10.233470920646539], [77.2587975418731, 10.254290852840654], [77.26450249379513, 10.26285644746713], [77.24576566125631, 10.28629645821502], [77.22821476380034, 10.314823618115554], [77.23619436737619, 10.337576358861895], [77.23581848313654, 10.349343008473113], [77.19489172537288, 10.352106420075302], [77.17642586666045, 10.35517098495302], [77.14749581857723, 10.332539719232727], [77.1276606224398, 10.319333394420653], [77.10558502532871, 10.312984959588277], [77.08675254989032, 10.304463602613225], [77.05938512692211, 10.282895476744898], [77.05187593982282, 10.256745125187422], [77.03187218825093, 10.250362249018622], [76.99467253041303, 10.22835390590808], [76.98400072355463, 10.217076753689298], [76.97193560784211, 10.227116043070964], [76.95228559650315, 10.229451923267675], [76.94079065636373, 10.237904909284168], [76.92231907976179, 10.231468107067542], [76.90520639675788, 10.24089536462941], [76.90468121156874, 10.251301775256763], [76.89743887220624, 10.263293445136412], [76.8898470329143, 10.264495589599846], [76.87499987794206, 10.275212479472373], [76.87320552631405, 10.298894113772405], [76.86336424516384, 10.290953388787898], [76.84451695879068, 10.291850760204454], [76.83216530558445, 10.303299410439479], [76.83997119071796, 10.345662470946309], [76.84819588383306, 10.354468028976385], [76.85173729533994, 10.367820465741943], [76.84303695619064, 10.380184436962224], [76.82791111750413, 10.39458180590566], [76.83490637353037, 10.402126082752545], [76.81946519925958, 10.422952344375233], [76.82954919214154, 10.446548845253062], [76.83299952930491, 10.488300223776378], [76.83229499861534, 10.49874409296558], [76.84391388871506, 10.537254907488034], [76.83641869956341, 10.545715903765995], [76.84206078437774, 10.561069359963028], [76.83728495983308, 10.569636417786512], [76.84151774584734, 10.593144376811608], [76.827138883153, 10.596354498761173], [76.82031611619584, 10.602518801901226], [76.82129547430674, 10.61232669122387], [76.81489980618119, 10.62210491820747], [76.81658770146129, 10.634377369919719], [76.8564614538331, 10.634396179240355], [76.86423293090508, 10.632072492051918], [76.88445319605819, 10.637614140580183], [76.88641822012482, 10.647419674578373], [76.88189742802393, 10.672284676396771], [76.86673464608708, 10.680547780455754], [76.88670427917918, 10.714906891839632], [76.89094326152235, 10.728440278496123], [76.9047487911239, 10.758630737218823], [76.9090861476077, 10.779034587276442], [76.8997646620096, 10.808087143706757], [76.87136908551491, 10.807949700318488], [76.8639176510788, 10.816628942271905], [76.8517160020919, 10.815757626013692], [76.8483847855295, 10.823630609565043], [76.85644864748713, 10.834607658017035], [76.84994272517667, 10.845712821189807], [76.83572058553665, 10.858501440589066], [76.82862895995856, 10.86983874576157], [76.79619867852625, 10.87943323855319], [76.78387836219673, 10.889579397071543], [76.77277278353716, 10.887671629242334], [76.75989675453167, 10.892657789025805], [76.74343875549425, 10.888823061834898], [76.71099461191187, 10.908564749163872], [76.69513932681855, 10.910169675690042], [76.66315451466915, 10.92761745867881], [76.65771882606305, 10.936627486569307], [76.66527002948834, 10.949858973512846], [76.67076304987489, 10.968133533835555], [76.68809485179605, 10.987406491816216], [76.69007458067739, 11.007146224918415], [76.70069127887945, 11.025234166024006], [76.72237954607925, 11.040232697580961], [76.76747613731396, 11.032472062735565], [76.77769529380282, 11.040118998992682], [76.76523086111541, 11.04707947733607], [76.76154858879642, 11.05462119920901], [76.74747917562354, 11.055328985444362], [76.74482777458218, 11.071711989117034], [76.75678552113493, 11.078715006292555], [76.75603952630314, 11.09175942705599], [76.74439796249601, 11.101179248123856], [76.75084767358135, 11.117732135529707], [76.7451131780308, 11.13292592519133], [76.73235601062146, 11.130294235490624], [76.72546833059903, 11.136188926377883], [76.7067042261192, 11.140419170908046], [76.69595045594883, 11.165395437749282], [76.69896105610792, 11.172792293229804], [76.71642010040739, 11.187352675985267], [76.73116626241313, 11.192275546879046], [76.72791481661557, 11.20607142135907], [76.73651146123501, 11.214242433041875], [76.70679218071461, 11.239036718469833], [76.68914572489535, 11.234698316074457], [76.68794340776213, 11.226493008745422], [76.63269291574551, 11.193224122994934], [76.61161783869238, 11.202976778655454], [76.58725388425938, 11.20429796008284], [76.55739554966493, 11.200531006700658], [76.5454566097348, 11.196679651944407], [76.53051550978302, 11.197602241250479], [76.51520211478584, 11.209281617053023], [76.49677059578642, 11.210047944656992], [76.47493493599853, 11.205953955510665], [76.47563847383657, 11.19330668525538], [76.46176900603484, 11.187402133301873], [76.44699463769246, 11.201707058234206], [76.45184580833745, 11.207254287955095], [76.45529622733909, 11.237628051893125], [76.49716019109002, 11.259211991440282], [76.5226281451728, 11.269262918948584], [76.53953848791093, 11.303075459265074], [76.53953940072284, 11.31696997948103], [76.54884550701462, 11.328300590100184], [76.5471790866456, 11.358921487736495], [76.53883910314215, 11.354997043278956], [76.51835169257663, 11.353888573998518], [76.518939721491, 11.368410365945692], [76.48157620807558, 11.382536477776284], [76.45698147681378, 11.388558812139536], [76.44788826613063, 11.397785782587846], [76.41655192902834, 11.421867483897302], [76.41873288751282, 11.440639225419943], [76.3988538458284, 11.43497393449951], [76.36959812355462, 11.454911163219663], [76.34709852487708, 11.461089248470103], [76.34169698262968, 11.465589718590707], [76.32889477807163, 11.451568158343889], [76.29550494249918, 11.472768822123498], [76.28581061776583, 11.48130616994382], [76.27379413019503, 11.475443855549543], [76.26560706831162, 11.479947941844102], [76.24774023812154, 11.466344477315829], [76.25234871951784, 11.501019289408703], [76.24067761118289, 11.52535531089893], [76.25047122466736, 11.530881384068664], [76.2331006511742, 11.571091809339578], [76.27844969289907, 11.599634046374206], [76.28546144878686, 11.590252736074945], [76.29820738995915, 11.587326607437035], [76.30554294315237, 11.57111281660326], [76.31875048025051, 11.584320989522098], [76.33626701730907, 11.595398547105333], [76.34332568543209, 11.58520450328524], [76.35790255725726, 11.589624852804775], [76.37856307832345, 11.60039651318857], [76.38467167385869, 11.611571265001942], [76.38788800382838, 11.6293591095353], [76.4040877643389, 11.63227664335244], [76.42925192113933, 11.632114162838377], [76.44221918007116, 11.64055970966291], [76.43137534459652, 11.666327781002337], [76.45937568883704, 11.662192825938234], [76.48172918815158, 11.685234033224106], [76.49339645818003, 11.689491208852246], [76.51234036411654, 11.705198967358513], [76.52123597216246, 11.701370670320216], [76.54874311380371, 11.677754796246916], [76.55546050359942, 11.64304322166737], [76.56211141281153, 11.620212950367431], [76.58339967865231, 11.613055200337271], [76.61657071816416, 11.607842090340228], [76.63440606219007, 11.611265519787935], [76.76058078517514, 11.614413771978036], [76.79009188343372, 11.611335922314993], [76.81771450342166, 11.604006488109007], [76.8259370120835, 11.60505258400957], [76.845490227592, 11.591915342419156], [76.85687244041083, 11.596556545648127], [76.86043538618418, 11.609752268352565], [76.84826337525465, 11.631296156592384], [76.83909666567865, 11.637197799239118], [76.83938022012114, 11.656890043640658], [76.86288097108002, 11.706661368427433], [76.89022813681913, 11.732510081075418], [76.89784030258795, 11.758364071844483], [76.89727964543937, 11.77381986999103], [76.9089805231327, 11.791213317740471], [76.93606139331871, 11.788889021711043], [76.94524524487218, 11.784755385952337], [76.95388843840078, 11.7893759065729], [76.96912914569356, 11.77328166891391], [76.98437324522916, 11.799113305234926], [76.98227758204484, 11.809155266502387], [76.99992136777695, 11.807437953498777], [77.01402464582083, 11.811170434967664], [77.03242529379236, 11.803172322444766], [77.04139183766324, 11.792167152192349], [77.03207889472526, 11.772910811884515], [77.03732495138547, 11.769916526326654], [77.05102704366317, 11.785823660033941], [77.06235267293755, 11.78749561123351], [77.07170375432486, 11.78034669704249], [77.05994835433313, 11.76602439900688], [77.0838330798328, 11.737875549716875], [77.08587377105772, 11.732232735552373], [77.10632749661676, 11.73150954752765], [77.11941688707975, 11.721219410247613], [77.1132541730417, 11.754277243100319], [77.112831921556, 11.77149724310334], [77.13745165936666, 11.76936727977619], [77.14730453277804, 11.780422553058429], [77.17608756329048, 11.782741662697617], [77.19989561618979, 11.791384982131262], [77.23739083262086, 11.792387149747185], [77.24743439827893, 11.796845517206918], [77.25208504888593, 11.81112315760771], [77.28875555192724, 11.798485141376204], [77.29527884824029, 11.807117874890082], [77.33678926691118, 11.767815953743309], [77.35637186506955, 11.772984764035698], [77.36586671567642, 11.787297236078643], [77.39270302242659, 11.785141507174842], [77.41233676502975, 11.773068176155448], [77.42338498582848, 11.77133739670353], [77.44200431025075, 11.78077533281538], [77.45181068691375, 11.80044391965123], [77.45337592545866, 11.815573200043218], [77.46247822469036, 11.832522047254713], [77.46716952465391, 11.848229315630476], [77.46182153253773, 11.853403645062201], [77.46597592374997, 11.876345961097286], [77.46469159204338, 11.899629067127819], [77.48805621802012, 11.890909081389054], [77.4867951805532, 11.898685779025527], [77.49472497787548, 11.930595513072547], [77.5012047532968, 11.938881074102312], [77.53452253518691, 11.930688949035812], [77.55893368604086, 11.940006232102007], [77.58429813085411, 11.933324959978961], [77.59677863352715, 11.938794472087238], [77.60243277015627, 11.935689940438465], [77.64790248830923, 11.949711685046282], [77.66601819958032, 11.946849430756686], [77.67594019128683, 11.949215389678557], [77.67492990728942, 11.962457504810061], [77.7006118586504, 12.019469521401334], [77.73151230514884, 12.062902859679298], [77.75727784309805, 12.078915583687262], [77.76749897899475, 12.101563676622447], [77.7775515090949, 12.110605745558757], [77.77815508548883, 12.118753689631149], [77.75129189710344, 12.13883665708613], [77.75007261515913, 12.157401957434445], [77.73729827969191, 12.17680021345916], [77.73040776950302, 12.180986097130699], [77.71211624436921, 12.182029612876363], [77.66615272466856, 12.197063717116919], [77.63956099124681, 12.195577808668986], [77.61467319521182, 12.20435901755468], [77.60166436871572, 12.19973126998218], [77.56627178431546, 12.19620975687485], [77.54890316504907, 12.203542148951044], [77.52163751835684, 12.192987332199664], [77.49271626204592, 12.199055568859478], [77.47583036198165, 12.211155176270438], [77.48380135095164, 12.233837586435527], [77.47303636173876, 12.24463182789657], [77.48025311538902, 12.270728096924188], [77.48851200522489, 12.27852628116301], [77.50330830713273, 12.28169440747098], [77.51221347137465, 12.27523066965972], [77.52853365470446, 12.27848815350552], [77.53369792881642, 12.289957800212335], [77.55294005264136, 12.29270712483401], [77.55536380379658, 12.301687616290508], [77.56632681023416, 12.306175549861791], [77.57883106759976, 12.333213397380462], [77.59641184053407, 12.34535294728073], [77.60142837851691, 12.35825492172728], [77.6140853119876, 12.362829339502468], [77.62009651903918, 12.382723480804032], [77.62600036052828, 12.413945635482719], [77.6308356950114, 12.422828150298926], [77.62708771912298, 12.433684310982187], [77.63528461239503, 12.486289536233187], [77.62733784936233, 12.494513035048556], [77.60667120840958, 12.47358588298215], [77.58530948864205, 12.477307726370498], [77.61175097592684, 12.500622230431645], [77.61516686096195, 12.512287326798742], [77.58840509631818, 12.515915775592646], [77.58626567212315, 12.545704291320021], [77.5798187696206, 12.56677441580672], [77.59120437108493, 12.593073554800753], [77.59184779553937, 12.613915824355843], [77.60756639717152, 12.62987122018069], [77.59762658180136, 12.651502580979354], [77.59997415048673, 12.666345028000705], [77.64266687817394, 12.679006604671144], [77.66406437477116, 12.683093227470522], [77.68012920729711, 12.68019398136721], [77.67766650020889, 12.659610129304099], [77.70538886130697, 12.660271010498775], [77.71172480545545, 12.667284112671723], [77.71374253608923, 12.682766932747825], [77.72405337306475, 12.679327666238862], [77.72836607103739, 12.671047557798602], [77.74141056284725, 12.6730742267942], [77.74318449626753, 12.68097335093944], [77.73721590269179, 12.691928827353536], [77.74351479117473, 12.700551204274689], [77.76025892031299, 12.696269143506242], [77.77303058479373, 12.723572121955897], [77.76161529401065, 12.727489163194377], [77.76830904332775, 12.738404701615764], [77.78807552856284, 12.742798651536589], [77.7949490334712, 12.754177773385607], [77.78155103884944, 12.76892161514047], [77.79785928637705, 12.790422924978031], [77.80943511154123, 12.795985221940498], [77.80127983079961, 12.805416067797353], [77.81090871186763, 12.829900248098], [77.79338998675854, 12.837301338486043], [77.80179472324795, 12.848883493978121], [77.80967283743155, 12.846912817672433], [77.83198410278419, 12.858953970049754], [77.83548561676787, 12.868093473335193], [77.89229239727638, 12.867621282496259], [77.89748692458198, 12.87614609646522], [77.91057339404693, 12.877133750821997], [77.92444542761444, 12.882816577623032], [77.92978182027485, 12.87279943314735], [77.94370753257664, 12.87101922335853], [77.93794387471013, 12.85979950274492], [77.92546568869062, 12.85357952167766], [77.91938348106288, 12.831338912460865], [77.94319838140024, 12.822300072090684], [77.95011746754716, 12.838728251407701], [77.94272990655998, 12.848978156616681], [77.94877593626052, 12.85903804766781], [77.95877062466468, 12.857489931315342], [77.95706901921994, 12.84745390917061], [77.9682321427992, 12.845749821597053], [77.967739336801, 12.830949805489183], [77.98159458542182, 12.832088894886624], [77.99169304479824, 12.819904597419281], [77.99178084021366, 12.805129875643274], [78.01188714147844, 12.804975301968682], [78.01602663991753, 12.812805105471284], [78.00366718059598, 12.823171676132006], [78.01842869133111, 12.832482025425179], [78.01943960305528, 12.84321330804778], [78.03255028047113, 12.850755172013635], [78.05044695826058, 12.847790285293456], [78.0750829917867, 12.839801627343263], [78.07647079499128, 12.828575824614688], [78.08668795948182, 12.830176393026193], [78.09708013923711, 12.813049190467837], [78.12518719883025, 12.796851582034947], [78.1314187442797, 12.779830008448187], [78.14728813703795, 12.77900625913162], [78.16898109690015, 12.770128415394083], [78.17701144022584, 12.774913892362292], [78.20116284618848, 12.771055655993791], [78.2098753064003, 12.765085462524098], [78.23164341001541, 12.762635916114675], [78.23028310807905, 12.757078680536722], [78.23995665847309, 12.730295277305231], [78.23141814692997, 12.713389977965164], [78.20577105778813, 12.705319782981633], [78.20052500382593, 12.693605325525425], [78.21120415185021, 12.685716148781296], [78.23924416338747, 12.683993332826105], [78.23856646397121, 12.699404034468671], [78.25020795763118, 12.702534450404585], [78.27562732853846, 12.702045917085456], [78.29546756987253, 12.67788924289431], [78.30177766121017, 12.663211176654556], [78.32013789095095, 12.660344692853357], [78.33379122558466, 12.647583714117161], [78.34083772138376, 12.648811958704982], [78.37210371081767, 12.62560161412324], [78.37990896282844, 12.622343222861502], [78.41144205090995, 12.623896611039811], [78.4299918955096, 12.631244356341995], [78.43658953427962, 12.625527379584923], [78.47135701701279, 12.628113595965715], [78.46933013757587, 12.672908025784807], [78.48575721882065, 12.669873035112516], [78.50027642701554, 12.674055787344741], [78.50516827219803, 12.680310614443329], [78.50467984499892, 12.704395937322715], [78.52071547384008, 12.715618412559763], [78.50527227879269, 12.721850773694314], [78.49123223028323, 12.740651057900038], [78.5059383886458, 12.741035645778481], [78.52766325105824, 12.71425800899999], [78.53613161997833, 12.690472915792498], [78.55313273398855, 12.695822600432734], [78.56402419755875, 12.707910781957082], [78.55724924036019, 12.718175386584846], [78.56565483120556, 12.736858164472778], [78.55736674937606, 12.739383307893377], [78.56981510848055, 12.76242637857456], [78.59177438637886, 12.778047866915585], [78.59419786683816, 12.796119363917569], [78.60144791428985, 12.803260733695936], [78.599863787284, 12.815572116160297], [78.60933034791731, 12.82187974245619], [78.6031500170597, 12.849308553147239], [78.6160195916309, 12.868211485971358], [78.61753413089548, 12.884454895077397], [78.63628277692868, 12.924928093256938], [78.65827577940377, 12.929807014282346], [78.64046008106794, 12.963824691756145], [78.64939648685845, 12.965138230744799], [78.63166079670845, 12.984568320971277], [78.63190334836088, 12.993180352990919], [78.65311257278705, 13.012298880289165], [78.66250047241891, 13.02861371625005], [78.70525062811407, 13.015180362983415], [78.71386947609551, 13.066906137608214], [78.7369514487504, 13.063589593485005], [78.75103847064895, 13.056335216696937], [78.7890920851317, 13.064076823686491], [78.81243552487962, 13.086484249048908], [78.84390518107932, 13.080610621183268], [78.87003742838465, 13.082143214337918], [78.87639310905479, 13.095753470546299], [78.89521928384295, 13.093100318524932], [78.89211404262903, 13.08071855781526], [78.89115553080319, 13.036668822408274], [78.89373250125396, 13.03095570374279], [78.93932997619748, 13.03474108962962], [78.9292322057018, 13.043793384756952], [78.91621802284351, 13.042264780994913], [78.90525269615506, 13.046277771801783], [78.91269911147486, 13.063278483814997], [78.92047072434451, 13.061670456426498], [78.92615727254014, 13.078959238378218], [78.94188889006028, 13.077248419379089], [78.9484380382849, 13.081211858440554], [78.95767438056828, 13.074775440234419], [78.97103306402477, 13.076733117739252], [78.97479011677052, 13.082856087138737], [78.99360755554432, 13.087536294864151], [79.01229707385096, 13.069271312321234], [79.0348111992775, 13.06784366915008], [79.03787775795223, 13.061039293328747], [79.06532076354245, 13.049527335318317], [79.06605467058665, 13.039705134184658], [79.08118017652396, 13.025744383396614], [79.09493580993973, 13.024095093313974], [79.11653967936275, 13.035880895786761], [79.13144807187109, 13.034266815960848], [79.15387401427438, 13.021578786631721], [79.16497560713862, 13.019080774857912], [79.18285647664516, 13.02749282643282], [79.18878114733212, 13.050075689741334], [79.18163334650177, 13.064782854445241], [79.19287225055399, 13.07881805560885], [79.20549170567773, 13.101468480486062], [79.21963596312924, 13.103248970863376], [79.22647732356967, 13.108653280324688], [79.23461775560497, 13.127827394718565], [79.22680178187682, 13.139429303819384], [79.23852719667286, 13.146397738464884], [79.24889198307864, 13.138567969136489], [79.2555102055316, 13.145172942777151], [79.25938808579156, 13.1598997288894], [79.26866731044805, 13.148395615665208], [79.28350715842868, 13.149944845378343], [79.28608972086397, 13.13280536887271], [79.29719346670521, 13.134789756242299], [79.311060508136, 13.126805313414536], [79.30978194288241, 13.10935821031319], [79.32026522216233, 13.10892806277991], [79.32903830477403, 13.131372443983139], [79.36243421526689, 13.137524119742409], [79.35907418712407, 13.14691314442615], [79.36004400252875, 13.17504052599952], [79.37351374326471, 13.168091496925115], [79.38307866185085, 13.180645574933408], [79.38127810400135, 13.188307902188], [79.39665726192317, 13.196788797764839], [79.41021276290871, 13.198510047101024], [79.43292816200511, 13.196596612643589], [79.43393472730588, 13.220650000597118], [79.45781585821533, 13.228940873922227], [79.44838839380941, 13.241943434841687], [79.42312485742627, 13.224245410097637], [79.41956980410322, 13.24970547352882], [79.42451093393254, 13.269537050794327], [79.43122250241663, 13.278377917107264], [79.43394546071448, 13.298678046554642], [79.41757599453655, 13.297386754994818], [79.39773190950007, 13.306620757242229], [79.38667823071586, 13.31492465814648], [79.4294289637757, 13.33391683789182], [79.46679960881494, 13.336349131707095], [79.49146109405433, 13.333553429946903], [79.51004370275473, 13.326957443231493], [79.5349739386964, 13.328121171355008], [79.54805862210776, 13.323295039634445], [79.55376513795079, 13.29120934693384], [79.56716534580414, 13.271512079818706], [79.5777833992845, 13.261766731149748], [79.59786845136802, 13.25952004391496], [79.6011170103418, 13.272817928704512], [79.61356555380735, 13.280166084996893], [79.63322574457248, 13.271428321459894], [79.642041549478, 13.273358334919294], [79.64498859185011, 13.286025133952819], [79.66587088663215, 13.287099354351767], [79.67506864350315, 13.280694294606064], [79.6810195123407, 13.294477708079796], [79.69184577146524, 13.281916257429373], [79.69686839875766, 13.269297079296848], [79.68633242460174, 13.259629121786588], [79.68368863991884, 13.248455707265123], [79.69327853987278, 13.241022527267887], [79.70452722854884, 13.251191612203172], [79.70836326515263, 13.236461557954613], [79.70206719694363, 13.223942915932867], [79.71229260012348, 13.215404825272515], [79.7283615749268, 13.227143994299922], [79.73120631312094, 13.235327937334489], [79.74518928975397, 13.227734384834037], [79.75098470717853, 13.211077567275936], [79.75710669901503, 13.207746625006791], [79.78630814450531, 13.230386313777387], [79.79598830941302, 13.230805890679335], [79.79598244223598, 13.241030412523571], [79.76543818842174, 13.256537589837933], [79.73436587518506, 13.278420984740706], [79.73385131548588, 13.284914086316064], [79.7587340321499, 13.29271879963295], [79.76661299889082, 13.315494227576607], [79.79241834802838, 13.294862823860285], [79.79988566898851, 13.297431681526916], [79.8128925079829, 13.317120946474574], [79.83666772843299, 13.315169331299671], [79.86382921204853, 13.316337437322943], [79.87151167872105, 13.326648760831688], [79.8832166069609, 13.324700759132782], [79.91653553548662, 13.346246634874376], [79.92333240826406, 13.356682533372293], [79.9381989688074, 13.348961321208037], [79.95266480403751, 13.37113704254051], [79.96622923888833, 13.387133731636482], [79.96291859701569, 13.394975486229782], [79.94823083698361, 13.397822430460849], [79.9450508926846, 13.417310874996929], [79.94851335810506, 13.422500943463831], [79.96344884718661, 13.421090989957293], [79.9758207513267, 13.430895612942209], [79.97359318547717, 13.440622723360036], [79.97439714251419, 13.464213977593033], [79.98595945176731, 13.480450547354906], [80.01841009295151, 13.50074309821548], [80.04859967123787, 13.497518647367713], [80.04952027933746, 13.512370005771174], [80.03160505662811, 13.514637999743968], [80.0187127274105, 13.527996049178398], [80.00264434166309, 13.52299270604857], [80.00212545712418, 13.53964147557366], [80.0201614722742, 13.545279825503599], [80.03002967552914, 13.538075951943654], [80.05792570830488, 13.534987966021845], [80.06347141727213, 13.543509796040325], [80.08526886396697, 13.546956761645276], [80.08955066842867, 13.53704442685887], [80.08000168313123, 13.525650778260854], [80.08046588709107, 13.491108165609432], [80.11076408279627, 13.491942858775985], [80.11327744869538, 13.508093798689913], [80.14692242373093, 13.503605629496235], [80.14773287657107, 13.494428694628596], [80.17968402439828, 13.4879326990349], [80.2254556359689, 13.48346295515131], [80.24180669752116, 13.467971637381197], [80.2534223932289, 13.505808882174222], [80.26487735220809, 13.560419824015696], [80.269692968156, 13.563152697339149], [80.28400400578028, 13.534141362234152], [80.2928659647925, 13.49760993215267], [80.30176656317639, 13.475576021316385], [80.31810037932911, 13.451706298307045], [80.31005604614967, 13.44881068546482], [80.31093380605034, 13.432316421265853], [80.28727224731642, 13.43972643562654], [80.28448475276917, 13.426826544909147], [80.29077229990179, 13.42119666299567], [80.28888808531696, 13.402830352039189], [80.30607542643986, 13.397157531095218], [80.3283472466282, 13.38524931650278], [80.332632388474, 13.402354828312752], [80.34628841208058, 13.31247494356387], [80.34630540656934, 13.293431102263582], [80.34165062627545, 13.270243996163515], [80.33260937662152, 13.244970606808124], [80.30771382843051, 13.15189460255391], [80.29925225029115, 13.131754746684237], [80.29798400385874, 13.119137934668004], [80.30144387743303, 13.084481899520085], [80.29138239368257, 13.072197564166288], [80.28519629817066, 13.05548314323255], [80.27884793978063, 13.012549271331864], [80.26022245410303, 12.937281474960173], [80.25179410141669, 12.87753345360602], [80.25069553277268, 12.840333505287106], [80.24715919524073, 12.793334472008326], [80.25554479325768, 12.781417472838143], [80.25386531563186, 12.766880832184711], [80.23654555113632, 12.726084615512661], [80.22204723419259, 12.681544390761076], [80.20086800035801, 12.622216806060806], [80.18752098020911, 12.571697767837748], [80.17995923672947, 12.5516255868514], [80.16383445359719, 12.51717452338562], [80.16381829457868, 12.47823306310545], [80.15946250109363, 12.468800048083779], [80.14929527415762, 12.469583918762908], [80.14923546474495, 12.458914626408955], [80.13105823534931, 12.447088269008475], [80.13823908356693, 12.432456160823222], [80.07949971034344, 12.36000360308384], [80.06787245205209, 12.348713790209274], [80.02369500572001, 12.285978826261896], [80.01914888871028, 12.282065322956328], [79.990347626242, 12.230421108747237], [79.99040064577326, 12.227467393405504], [79.96054520429777, 12.183496446703714], [79.94811748373496, 12.162673621390582], [79.89458739119522, 12.081019891155108], [79.87502541269271, 12.043306995621379], [79.85004381017376, 12.050200347667953], [79.84572317838206, 12.038281939260116], [79.84445555967642, 12.031925656943542], [79.84226500722434, 12.010641333730632], [79.8578569717219, 12.004583150591998], [79.84594341155923, 11.976350656257807], [79.84050475429103, 11.954588883869917], [79.8231801856171, 11.961041281230166], [79.81961818233333, 11.977640152770903], [79.80747543174584, 11.97153438920077], [79.80671612424982, 11.962224773754372], [79.80263671491252, 11.952858647608537], [79.78684353070446, 11.960845132796692], [79.77925900469938, 11.94902306426303], [79.76287879881755, 11.943297838924195], [79.76258833128651, 11.929574770859062], [79.75196779927455, 11.921566580533295], [79.75165993885514, 11.92461143856707], [79.75194084569353, 11.941763260066466], [79.7485872647905, 11.961565907041006], [79.72944183607194, 11.96954939658741], [79.73064646626148, 11.981743994889484], [79.74188355907904, 11.976805468597547], [79.75736814272568, 11.981390144939269], [79.7673913117597, 11.990490828089321], [79.76458041325554, 12.000475641937385], [79.7495748103293, 12.008609552988503], [79.7398654615219, 11.992199215321591], [79.72074627502064, 11.991626185300277], [79.70559017504661, 12.01048446678476], [79.70636841866764, 12.03161231785424], [79.67804711808009, 12.020502935062439], [79.67411481174923, 12.011005209323002], [79.66211576113352, 12.01132491291446], [79.66182268376991, 12.007411423098745], [79.65716675144449, 11.989913053244834], [79.66606886698469, 11.98614082533885], [79.67445704245858, 11.991196703265302], [79.70968962487632, 11.989336150742815], [79.71018657674915, 11.9752718304307], [79.71648411534972, 11.966446878520685], [79.69806038897582, 11.96071691825125], [79.6926337970122, 11.953571587858562], [79.69912183720311, 11.941474700896777], [79.72102280575791, 11.943014779108807], [79.71910937219985, 11.927310150243272], [79.73999485238056, 11.905901577595785], [79.7311145822722, 11.901051031979591], [79.73202461614318, 11.89122076752443], [79.7234322936655, 11.888321827190623], [79.70661186154825, 11.892727288433662], [79.70672213821615, 11.91206727378568], [79.69787402426687, 11.91898347580684], [79.69492436037098, 11.893550976596316], [79.6754213845893, 11.891565968694522], [79.67414087320282, 11.879940268928294], [79.68823424701293, 11.884239081368548], [79.69347069351772, 11.883871502367981], [79.69546089680301, 11.884924228070702]], [[79.63668963901569, 11.886735825098299], [79.63623635192613, 11.880545864300245], [79.63135181193661, 11.888082281971776], [79.60853172186154, 11.877254162149939], [79.5997736246531, 11.879803101631865], [79.60242143110423, 11.856514753453155], [79.6196600884424, 11.86037536672984], [79.62680537746627, 11.852392372709858], [79.65015557202207, 11.849034297894605], [79.66425572761977, 11.860290702753787], [79.66290955313343, 11.866801118077206], [79.6492272135651, 11.870284406400287], [79.6498543944648, 11.88032915556613], [79.63668963901569, 11.886735825098299]], [[79.64197520559134, 11.904679418720264], [79.65596890753909, 11.907319062025124], [79.66144744074683, 11.916073167142997], [79.67002891829998, 11.916970687847027], [79.67128329089121, 11.932847805781648], [79.65920697322332, 11.944067915801725], [79.64315299641373, 11.946384063973426], [79.64368749947857, 11.953270459763928], [79.64847756298917, 11.96645390582313], [79.6379448263927, 11.977122118990621], [79.64440348213503, 12.005599785601646], [79.65429282845133, 12.023789306931008], [79.65083916289711, 12.027876984635157], [79.62767192731764, 12.030438591068162], [79.62936890215315, 12.020831895375693], [79.6223097385037, 12.014287540537623], [79.61968630457937, 12.00038701195109], [79.62497139991024, 11.987955038494306], [79.63004743434169, 11.956412728764462], [79.62942505582174, 11.94408185979006], [79.61993698520376, 11.939871727698119], [79.62007322799712, 11.924433098508757], [79.62952719362517, 11.916124543612852], [79.62801469402297, 11.904386656119357], [79.64175059361509, 11.901175445090757], [79.64197520559134, 11.904679418720264]], [[79.68893557251869, 11.971887635705855], [79.67848928864981, 11.967232914767237], [79.66254856526416, 11.968175424955973], [79.66113570245079, 11.957410268469175], [79.67572257383779, 11.947927627058391], [79.68486013278897, 11.953067338886626], [79.68893557251869, 11.971887635705855]], [[79.67001971913481, 11.814905209707717], [79.67079300299474, 11.82281080177711], [79.6601395099305, 11.826254529822734], [79.6613407199983, 11.838698568584107], [79.64878176136926, 11.843607456818745], [79.64370705433714, 11.825253881161757], [79.64629870262308, 11.816204128417837], [79.67001971913481, 11.814905209707717]], [[79.67600172699815, 11.813712837277649], [79.67573944511935, 11.801549173855335], [79.6905437437988, 11.802742897966425], [79.68831460143775, 11.811791887185905], [79.67600172699815, 11.813712837277649]]]]}}, {"type": "Feature", "properties": {"ST_NM": "Telangana", "ST_ID": "IN-TG", "ID": "TG"}, "geometry": {"type": "MultiPolygon", "coordinates": [[[[77.55350233126762, 18.2931922395303], [77.57379984278856, 18.3100227782287], [77.57048109712497, 18.31977750772586], [77.55690348270963, 18.33301325565725], [77.53080438441486, 18.341152513177974], [77.52295334432142, 18.350989005438294], [77.52484391711312, 18.366359561344723], [77.54505664055159, 18.386930153803632], [77.55281818461157, 18.38943026639373], [77.55869524339084, 18.419533115860645], [77.52937624571723, 18.428989364867334], [77.53191102267562, 18.44209734971298], [77.54991829279504, 18.44220008466624], [77.56367731575557, 18.43670570900133], [77.5862009398216, 18.444740360079606], [77.587195524354, 18.455203285902996], [77.553276210229, 18.459592086305804], [77.54999870387712, 18.467328768607842], [77.57415071418416, 18.468486744667587], [77.58003804322118, 18.485392755371436], [77.5943215391078, 18.482736268663928], [77.60464605117437, 18.475858332795895], [77.6064222832618, 18.493008606562], [77.5898083381843, 18.50451842778324], [77.60004421396934, 18.516580048730304], [77.59684263917649, 18.524718798134074], [77.60175474248746, 18.536602189639382], [77.60082725817148, 18.549085840838927], [77.63268456084387, 18.55221479177925], [77.64411591261933, 18.555507954428606], [77.65587005985543, 18.551219771974957], [77.64895994264731, 18.537909301173386], [77.66125019464084, 18.528835475376923], [77.6796182152085, 18.542967834797764], [77.68648592488557, 18.542451681499927], [77.71614932153403, 18.55609099570296], [77.73175433159719, 18.55321188452092], [77.75101888181598, 18.590719312846034], [77.75194085688508, 18.606928460480106], [77.74680161360362, 18.622990678676956], [77.73351095486674, 18.6442689242715], [77.73665481206996, 18.67749961041875], [77.75332586769468, 18.691280620903967], [77.76148820181913, 18.708563277573262], [77.77266170357484, 18.703127073655594], [77.77327065072001, 18.6921100386474], [77.79033069100865, 18.68566456426828], [77.79041574259253, 18.695856801350374], [77.80613059045442, 18.717638747330398], [77.80663630442194, 18.730753778364203], [77.81432014615785, 18.74174979261886], [77.82713623085243, 18.769965261887364], [77.83150050044782, 18.787449234494602], [77.8414094519847, 18.80888327864045], [77.91166976294926, 18.83098394165563], [77.9328697135665, 18.823222833766806], [77.9467175005123, 18.82380574104218], [77.94828453949998, 18.843772752610505], [77.93376837820813, 18.84795595900033], [77.92944832108321, 18.860654350318043], [77.903276353421, 18.869334162441703], [77.90272573450511, 18.885121653041892], [77.89170522541588, 18.886495737088637], [77.88559619820603, 18.909862392835237], [77.87325758337084, 18.91163864021115], [77.86062427509029, 18.90738307526874], [77.84443472548224, 18.912596430780695], [77.84825611302927, 18.931583312619807], [77.85265263231321, 18.932652343930556], [77.85769248881735, 18.953536830360463], [77.81656730283879, 18.9506639901511], [77.82101650620683, 18.98353844494335], [77.79095113868414, 18.985422682910553], [77.78532081160625, 18.97746609298588], [77.7711439231536, 18.98254380735085], [77.77220893809209, 19.000483230816485], [77.76803784916746, 19.020696939911886], [77.7611313373414, 19.029601889215883], [77.7654416718957, 19.063055783497646], [77.77475670665672, 19.05718651644463], [77.80099754440118, 19.052367727688534], [77.79734183895476, 19.072240112591146], [77.80513903124137, 19.085430897118272], [77.80405953092264, 19.099874435456854], [77.81902123164457, 19.104670444385533], [77.83249504001412, 19.085973555235455], [77.84608860930194, 19.087824539870667], [77.84910389852615, 19.115224329439286], [77.84252533077944, 19.119853085151817], [77.83780174425516, 19.133727877839362], [77.85313877973095, 19.15625104684841], [77.85690872875489, 19.177759358807407], [77.84840702466454, 19.189112906635387], [77.85623045736975, 19.210607458067784], [77.86235276756622, 19.21935820062049], [77.8719852854926, 19.246976876181918], [77.87130563814475, 19.256116676243664], [77.88858366420482, 19.261088782321508], [77.90437291297962, 19.256996156547416], [77.909692653793, 19.26808524164062], [77.90463888747473, 19.27798802472762], [77.87930689469749, 19.2806015121501], [77.86581039823136, 19.284903748309375], [77.86475146450852, 19.30291769769366], [77.89197675412396, 19.31320113412511], [77.89720396189341, 19.321945674952985], [77.9162537612022, 19.318758590036964], [77.93034509714857, 19.332707762952964], [77.95296227498903, 19.342091556280366], [77.9810009024697, 19.321906127266004], [77.9896185192793, 19.309883297676095], [78.0157883384611, 19.3020337315715], [78.02243228062531, 19.29726157895874], [78.03147986060713, 19.279651636513847], [78.04997567843486, 19.27185055645805], [78.05368901693464, 19.26374623490085], [78.05229047222758, 19.24854231887298], [78.06182355481326, 19.240803621190196], [78.07942090764885, 19.247608016796562], [78.08656066674143, 19.25582566732072], [78.10370964008786, 19.246556700331496], [78.13109577794785, 19.247503557842947], [78.15415841517876, 19.231199831207277], [78.18780651266047, 19.24270611719362], [78.19090156455565, 19.250513260478613], [78.18762192950851, 19.280072874463656], [78.1976700942995, 19.30403281656129], [78.20164395290618, 19.332789428589308], [78.19159474849891, 19.33964312053365], [78.18405267139372, 19.354019439045942], [78.18892273859359, 19.369213545268963], [78.19202486815323, 19.39657980901103], [78.18660766780965, 19.412703179308323], [78.20258220300633, 19.40841027091733], [78.21957605948762, 19.42799208576622], [78.22877415360438, 19.43497766148994], [78.25656841909733, 19.431023647323514], [78.27782362855766, 19.454803560436005], [78.30194862862635, 19.449820069840428], [78.31355647325267, 19.457404437564776], [78.31660886130993, 19.46688002199545], [78.31465776774183, 19.487377656054036], [78.30404417579814, 19.50504189866473], [78.29963843216797, 19.538151072913706], [78.28369310875001, 19.559017718592884], [78.30111973428836, 19.559213297755548], [78.30451210654854, 19.567605517480672], [78.31578732162762, 19.57260068487375], [78.3156118441114, 19.604954734373564], [78.30356834720152, 19.624155795153854], [78.29214383926683, 19.65515647289294], [78.27427275798146, 19.663800826546947], [78.29037925160122, 19.6903141300931], [78.32066165700991, 19.691221853605725], [78.32732768112766, 19.704310448168712], [78.34994092443418, 19.714241056279775], [78.3500715896322, 19.735062331161714], [78.35787215797376, 19.73839696784586], [78.36547898986356, 19.754605417606], [78.37242128841177, 19.78167074301041], [78.37167699329865, 19.795118482731823], [78.36515610716867, 19.80629294676214], [78.34384805984013, 19.81403420661337], [78.34059912494973, 19.81915817131261], [78.34601559414443, 19.83343768230327], [78.34363145542738, 19.839676552730793], [78.30773479382572, 19.846273551183515], [78.29868323794113, 19.849991287368084], [78.30224240206525, 19.873697243832794], [78.31477697647637, 19.913107003585424], [78.33297810985192, 19.91646202070575], [78.33920357858233, 19.904691391594497], [78.32757228683164, 19.89536815141912], [78.34087985731963, 19.883615050993853], [78.37042168631183, 19.88334611593058], [78.3888479874447, 19.879702623277467], [78.39064454690839, 19.853214613163914], [78.4023841763887, 19.836943493247645], [78.43344700807302, 19.82369990952327], [78.46948203396875, 19.816846861493502], [78.48103611352587, 19.817011154141483], [78.49880796271736, 19.793851902743143], [78.50855923522056, 19.79312514620858], [78.5172923510612, 19.814975773413266], [78.53119452360846, 19.822350564027374], [78.59000100963897, 19.812449717180755], [78.6086960048168, 19.818272674544346], [78.62439899601691, 19.80951149086269], [78.65343741780265, 19.802298962227383], [78.70698165937614, 19.786489944555342], [78.72167787933074, 19.767760561101056], [78.74358432745481, 19.780391567117192], [78.76850318337529, 19.776623138846844], [78.79018852867773, 19.77975767907367], [78.81295833495926, 19.759054133541497], [78.84367504996362, 19.763164529919152], [78.85101621132912, 19.759449287554617], [78.8623312124156, 19.732456714605746], [78.86890480061612, 19.69797409482868], [78.86864111849286, 19.68072811251244], [78.86422796894567, 19.657568248675773], [78.89645881312379, 19.656563635803195], [78.90928002934993, 19.665855279197842], [78.92141278127491, 19.669037827933437], [78.94052404205098, 19.663513100149487], [78.94913069072885, 19.66648445119654], [78.96723324491836, 19.660136078417338], [78.97452983498397, 19.650617441641657], [78.96844299584762, 19.61875414408854], [78.97120801543764, 19.605963854648223], [78.9839090651513, 19.591905206360252], [78.98345556402313, 19.581438061817153], [78.96003706146126, 19.56422058890911], [78.96013864887959, 19.553351089481225], [78.98409035588526, 19.55246944990523], [78.9984785580391, 19.56358655067885], [79.0057117171221, 19.560929621504897], [79.02401832028931, 19.54156839596476], [79.05723359925128, 19.546906583671955], [79.06911278372803, 19.53291924802494], [79.07959847139239, 19.530276847398625], [79.10239996618554, 19.53218472764314], [79.1086376378168, 19.529668425457544], [79.11053614892421, 19.514481098324097], [79.14609671319283, 19.50291082107759], [79.16283974425886, 19.48739228082917], [79.17497753418593, 19.469653612124546], [79.19494718796238, 19.460623502372812], [79.22465951132745, 19.46644676550585], [79.22662935126363, 19.47751655834253], [79.21470541022654, 19.48670181014046], [79.21400168532955, 19.50053433828913], [79.22163856266957, 19.51245670731123], [79.24257516840936, 19.528668338872762], [79.2457095044901, 19.561307712680843], [79.25604878792126, 19.579489945904356], [79.25461879751953, 19.58865127033988], [79.24363430088232, 19.601303813320385], [79.24302297592965, 19.611234318009394], [79.26116816427941, 19.61296550395491], [79.29922149187843, 19.598546783307427], [79.31084269863169, 19.591995606212322], [79.32028620694297, 19.567420636653083], [79.3275289815773, 19.573643152909256], [79.34693588188549, 19.57568187371953], [79.37511748268571, 19.573177895843287], [79.37728525261235, 19.56351340252155], [79.4079787741012, 19.541862157712444], [79.41976067621431, 19.535535609680664], [79.44744695561258, 19.535599771812088], [79.4643922576966, 19.52108786071625], [79.4766576416369, 19.499624796347348], [79.48628415658862, 19.50599668370006], [79.4995633022047, 19.507387723564648], [79.51967983775438, 19.52026635161087], [79.52125360636887, 19.544116693330807], [79.54895834705013, 19.550705022318994], [79.55400216147063, 19.528305596426208], [79.57193244152899, 19.51317361357144], [79.59769678607785, 19.504045950760087], [79.60721597323862, 19.510262687073407], [79.61357231940707, 19.541732816316483], [79.62776262574465, 19.56735341322951], [79.64610313874891, 19.57725548495273], [79.68443476335369, 19.578859933039553], [79.71938316360217, 19.585657033345456], [79.7468048426694, 19.605471913797828], [79.7840494153483, 19.600059803617114], [79.79195202166852, 19.59598749352807], [79.79983178790673, 19.582514328173772], [79.8231538444744, 19.571483073984723], [79.82972769797493, 19.546827279655304], [79.83480010364195, 19.539543631733295], [79.8848663377114, 19.503358614208707], [79.90891117670947, 19.499179667907413], [79.91771210233173, 19.495048902784674], [79.93024496803093, 19.480332905838964], [79.95171799059284, 19.461632858269866], [79.95248704494122, 19.44362071832154], [79.96598917566001, 19.428785877766074], [79.97980447010025, 19.4039524763258], [79.97400865067874, 19.377548185000762], [79.97129416489383, 19.353684562092894], [79.96392247154489, 19.33759248910212], [79.97042332527627, 19.309622367478312], [79.96857780941843, 19.30057843244873], [79.95195979400933, 19.287225849993035], [79.93869168937005, 19.262435418160067], [79.9269484491117, 19.229569167882858], [79.92929533071498, 19.206607041581776], [79.94925405952728, 19.179151158599154], [79.94752624154285, 19.167684516527288], [79.93294617622513, 19.1642124715284], [79.91277750517776, 19.145069459288152], [79.87797454239126, 19.12597025482347], [79.8648143357131, 19.107389617436922], [79.86789069699813, 19.06331479813946], [79.86380020891255, 19.04559038368933], [79.86637339411692, 19.038034974134803], [79.87782929828353, 19.03896060045139], [79.89767751570486, 19.048874418219896], [79.92295471099118, 19.05081071614171], [79.93284124332877, 19.04596366798893], [79.94135590125387, 19.02521292783439], [79.93823544171232, 18.97838516594271], [79.94785601844058, 18.94132729611789], [79.94789868767435, 18.881156279538743], [79.94594388889942, 18.862689038568305], [79.94028338596956, 18.8488510452396], [79.93245445211136, 18.84136080056055], [79.90091823259041, 18.834638759471204], [79.92322329262089, 18.80121379368171], [79.93895886266142, 18.78834554111387], [79.98857505979123, 18.778272115265963], [79.99996625773667, 18.77753611639872], [80.01940660293246, 18.7708127551046], [80.02579375807551, 18.755094272182987], [80.03995611438324, 18.75055559436521], [80.05347582145208, 18.725084453085117], [80.06903550208682, 18.720710081405173], [80.08186276355576, 18.706799445338163], [80.08927066001303, 18.70670115933109], [80.11375566139469, 18.68184528743012], [80.12850253206625, 18.685547074138185], [80.16532580114489, 18.70030655510351], [80.1746531620139, 18.684472068631123], [80.19621443324957, 18.680020080962038], [80.20917185719549, 18.70186138219708], [80.2216339642361, 18.70555491582678], [80.2326204375832, 18.700601353769514], [80.25395990092875, 18.705782786946088], [80.27484775891702, 18.722436820203143], [80.28522259884392, 18.715454724855704], [80.30366846472793, 18.6902023859314], [80.32671893682954, 18.626434852786304], [80.33888581712682, 18.601367195939417], [80.3492878804314, 18.591234931047268], [80.36339150021763, 18.598513004971267], [80.37439384120285, 18.60945152826548], [80.38902752589968, 18.598436276612915], [80.4095669667422, 18.61201662496734], [80.42504771028365, 18.61557859227827], [80.45770564879672, 18.63121837732632], [80.47051065474295, 18.627588445550373], [80.49591251854793, 18.6316478980321], [80.50566925353326, 18.622609590060563], [80.51824998474905, 18.620643881609908], [80.5395807552477, 18.591119012932154], [80.56956492208354, 18.574687528606603], [80.5755696756001, 18.56659780664353], [80.58908767305775, 18.562617996323524], [80.60862004497915, 18.550252502551018], [80.62152285309725, 18.531319026951564], [80.64035842580074, 18.52415424332372], [80.64451406617127, 18.49931285770225], [80.65849940532337, 18.477698966234357], [80.68827386554653, 18.459043240852907], [80.69085954323339, 18.450140598309986], [80.70302853423954, 18.440121764008268], [80.69879281823404, 18.42492961740794], [80.72084461748517, 18.411347419148115], [80.73659305232758, 18.409446728084106], [80.72354664136446, 18.39295137120888], [80.73205767951833, 18.377679913397344], [80.73058284622141, 18.367029942977524], [80.75231071147022, 18.322686341501537], [80.75249524246152, 18.308032966148517], [80.76494562144336, 18.290613896714035], [80.77428811340576, 18.284162024557816], [80.78535008933522, 18.265719815317254], [80.79605505779472, 18.260050439676093], [80.7922268111185, 18.24928968986734], [80.7412035706883, 18.22478353463248], [80.74048320473617, 18.20022987360983], [80.74251570133862, 18.17779276972061], [80.75303621524921, 18.170940906097997], [80.77038469419836, 18.169106934837203], [80.8059423761398, 18.17246963126854], [80.81885057029763, 18.18465012730161], [80.82677345543067, 18.198182690179067], [80.82515839534375, 18.231308636784206], [80.83217934140356, 18.239670719328274], [80.84760996302941, 18.2341613780452], [80.86709699742852, 18.232149953457622], [80.87550657676718, 18.213461299399512], [80.86931295392975, 18.204906449872794], [80.85717370979893, 18.206417073489206], [80.85970744714103, 18.174611562773464], [80.86381558981765, 18.14923680363563], [80.87007678321703, 18.139007267171678], [80.90882334871861, 18.141058568598112], [80.92008889428712, 18.144901185541357], [80.95231123717389, 18.16348933046828], [80.96227791889089, 18.173379392644904], [80.98178743004593, 18.17456872536644], [80.9807261868641, 18.150018003328228], [80.95746354310808, 18.12965721910541], [80.95650376413744, 18.097800911083255], [80.95211496553327, 18.087566410361603], [80.96059357773146, 18.078451796713125], [80.97415099337371, 18.05011921502978], [80.97045697590875, 18.03819477307036], [80.98084627693419, 17.999934456609935], [80.98629777382325, 17.956470973057037], [80.99290561630119, 17.929799536319592], [81.00262929040946, 17.92115981687209], [81.01018192015954, 17.871757687167587], [81.01267135330039, 17.84543803823493], [81.02093308499394, 17.82381242410412], [81.04083408002884, 17.79694880584276], [81.06437321495196, 17.790091462650935], [81.08200550554972, 17.793575265386266], [81.10609914715798, 17.82435587182607], [81.12965739447321, 17.83560136611021], [81.16796146474985, 17.859916090755007], [81.20037895872201, 17.854440920112438], [81.22192258975576, 17.840444605634104], [81.26252132789705, 17.81962363112575], [81.30660697683055, 17.817401364081718], [81.32355578267328, 17.819916384733403], [81.36601341588647, 17.818080426870267], [81.39350610632181, 17.814285493780574], [81.41779276942083, 17.81256893620747], [81.42288007055885, 17.82415281569996], [81.43445588762916, 17.829007040442605], [81.44610553634146, 17.82304203246389], [81.46798621888894, 17.832467718010832], [81.47865022682657, 17.830958855267], [81.489740672594, 17.810682649584635], [81.51987975574616, 17.814431402487287], [81.56251443579265, 17.824284515118336], [81.57317143081696, 17.83359810916545], [81.58344114179533, 17.83526798383042], [81.60832405810885, 17.823424269514476], [81.61972792840123, 17.8233541313881], [81.6513620652072, 17.847275177807262], [81.6545820275386, 17.86423629716745], [81.66127020015966, 17.876145716851397], [81.67162226025914, 17.88487461397233], [81.68632386625347, 17.885547697168533], [81.69684591980342, 17.89276543107985], [81.70645742237218, 17.8835376566376], [81.7117527205117, 17.869170252205436], [81.7668590583989, 17.90140653818122], [81.77744132425778, 17.88679629071629], [81.79004065884936, 17.87884208039776], [81.80137060846687, 17.860695521481205], [81.80301047905044, 17.852349636626457], [81.79097232950943, 17.84015486205726], [81.77255623388317, 17.838112056526256], [81.76156315591498, 17.826502886299238], [81.74752368746829, 17.82976769602243], [81.73820808253703, 17.827470265440468], [81.71261880001765, 17.80772268395475], [81.70686544568383, 17.79267460514893], [81.69342801938762, 17.778748526823108], [81.68331816650021, 17.77529103105627], [81.650537037954, 17.773777334456497], [81.63169679956769, 17.77091116361936], [81.6178458649947, 17.75177220552291], [81.59059473875624, 17.738779467898155], [81.58161460163262, 17.72679827422104], [81.57983749990075, 17.696058818060067], [81.56232867452877, 17.6745975757176], [81.55301441228534, 17.65353655416868], [81.54285892330074, 17.638665699362605], [81.52058538900457, 17.618131140939454], [81.51165908709726, 17.598162623906035], [81.53263521624228, 17.580956172189644], [81.51019041865294, 17.54773627161171], [81.50680191707488, 17.51850167441279], [81.50697001565374, 17.498472700454784], [81.50241869426736, 17.48550786789383], [81.50467460494912, 17.468895223236018], [81.50225396095158, 17.457367574753846], [81.48107986314523, 17.428093850750656], [81.46610219316176, 17.41397541553306], [81.45037430423082, 17.390303881518946], [81.44250565721035, 17.383534786101563], [81.42897750011161, 17.380762310232456], [81.42452039440076, 17.370225742524042], [81.39407533400953, 17.363694657182748], [81.38066110752413, 17.365716771112147], [81.35867669717192, 17.37700307303345], [81.3517503211205, 17.393855064159936], [81.33915803451572, 17.400510537431387], [81.33128428294339, 17.39755364928152], [81.31044410790929, 17.36815988646964], [81.29801919682853, 17.34600808350632], [81.27602385161953, 17.32846014841715], [81.26636351316563, 17.331095918341987], [81.2275638768715, 17.33011881213355], [81.19911334010862, 17.335696229397513], [81.19035496860698, 17.330549054095627], [81.18078103072003, 17.313797078372545], [81.1799764189766, 17.275079573563517], [81.18943516719929, 17.263056993085797], [81.17165870538503, 17.24105229582682], [81.1544128471752, 17.240102081146176], [81.12703270689394, 17.233012875643738], [81.09333742108515, 17.222025339298], [81.07104742110164, 17.212469140538474], [81.05537941173054, 17.222152437784814], [81.05271181030184, 17.21288114424948], [81.03501020895402, 17.195019316088633], [81.01423814857174, 17.192775660468385], [80.99398158678088, 17.18769509705112], [80.96480539155561, 17.196452378574463], [80.93943795739585, 17.21319539255336], [80.92261729145491, 17.213402876041926], [80.9141234051711, 17.209421884912103], [80.91726151120986, 17.186225126388536], [80.9236690449905, 17.178052873641263], [80.92212595854619, 17.154200440098293], [80.91278778872555, 17.149399182726142], [80.89766017387797, 17.149277562009956], [80.87910216343414, 17.15449908786269], [80.87560629539428, 17.132837104249006], [80.86385718526094, 17.11964171699168], [80.87303906999716, 17.10409193699337], [80.8713961525105, 17.089830757783318], [80.8653112028498, 17.076833846404952], [80.86772206582071, 17.059202666469957], [80.85373817547645, 17.041194992554892], [80.84135671424104, 17.034061067364405], [80.83209261168474, 17.046093570961602], [80.80167423058134, 17.051300331744983], [80.7941264122042, 17.055859372012435], [80.75538905396172, 17.063084815811635], [80.7345019352162, 17.072725719016773], [80.69274092855107, 17.076776981372632], [80.6843851943213, 17.069317468326574], [80.65791551958563, 17.062589664381562], [80.64265003866842, 17.066868884191706], [80.64647733835852, 17.079907483643524], [80.66411475149465, 17.09193956545863], [80.65495191260072, 17.10241517352148], [80.63389523207934, 17.109634200657865], [80.63841659974634, 17.117903264524102], [80.62156058954963, 17.12448004891519], [80.60374182362631, 17.127377745486626], [80.58209610335257, 17.143039009043093], [80.56877597742948, 17.145756753971057], [80.55766000080843, 17.131351343289907], [80.53777708394534, 17.1213728561724], [80.50514270677058, 17.108990741129844], [80.49538274951436, 17.090614688716983], [80.4932712249871, 17.064073859620976], [80.48036333749809, 17.0458668239948], [80.4614849579645, 17.044783798333697], [80.4548544930405, 17.02479401503183], [80.42911199392341, 17.032580290448095], [80.42285630077771, 17.04946852335371], [80.40942152658226, 17.061822737829118], [80.40360934939201, 17.085149628252793], [80.39862897764527, 17.08377691837012], [80.37550563797487, 17.06414171706666], [80.38692215723182, 17.041756099364534], [80.38644204606362, 17.030990359217753], [80.39726961729906, 17.021750064413993], [80.3950712155642, 17.010644051381917], [80.37975955805723, 17.003532101125643], [80.37829724961841, 16.990660910472684], [80.36900460707699, 16.978223941281897], [80.40625285528512, 16.964809536730797], [80.4512052771019, 16.95283076043131], [80.48558834732444, 16.929157652603635], [80.49430603979198, 16.935038021787307], [80.50000341042909, 16.95614857169926], [80.5294285829628, 16.94443373832644], [80.5404785511443, 16.95819350322762], [80.57827123273125, 16.93501855686094], [80.59296133819527, 16.934673930357633], [80.59817000823932, 16.915321130565758], [80.59092292765104, 16.911291344020356], [80.59558695747216, 16.88219096344227], [80.57377597508122, 16.87727014300276], [80.57127988156134, 16.844599082481693], [80.56345065812144, 16.833080061195915], [80.59475091172527, 16.815036980072648], [80.60669594456226, 16.80045324642026], [80.60645369778001, 16.793519709966688], [80.57824334205662, 16.77916392747335], [80.5717187210422, 16.771242562194516], [80.53895579027756, 16.778410890949885], [80.52696989854206, 16.77711023025296], [80.4983990558718, 16.784144667042824], [80.47987039390364, 16.796548194043964], [80.46521856628385, 16.798232547793873], [80.46139234488089, 16.823436366495173], [80.43160763688297, 16.837388052116978], [80.427412598113, 16.850367504956466], [80.4084305807068, 16.8577457174909], [80.40788444850853, 16.839610065552108], [80.40296456786058, 16.833200825757558], [80.38813727891232, 16.82755893159947], [80.38167463827398, 16.81912742948731], [80.36733236809437, 16.86283497735235], [80.34360958891148, 16.86363118133403], [80.34596107054705, 16.874953844644267], [80.32786279443246, 16.878773122381745], [80.32188206270706, 16.919752472498658], [80.31643324130113, 16.931544362482384], [80.30992223332447, 16.963517367432587], [80.29750033497254, 16.984399690992973], [80.2706459608425, 17.018122841396064], [80.24959476978285, 17.010287219279803], [80.24068546865954, 17.01237673919519], [80.22625491293394, 17.027043427212448], [80.20966733328089, 17.020537621813844], [80.20395416065605, 17.025417802789434], [80.20264014142941, 17.04984265841199], [80.19047938731393, 17.05224481504621], [80.17555257848875, 17.030948951732796], [80.15082974599602, 17.00880739474553], [80.14223519859559, 16.99270442556883], [80.12850149424861, 16.994130646012536], [80.1141341374805, 16.988621168931843], [80.09600867126323, 16.994699942948046], [80.09258564471179, 16.970492200754506], [80.05417132114962, 16.972537853539166], [80.04537476443392, 16.943739680242118], [80.01786327546984, 16.914541305037233], [80.00337282939262, 16.88462171042363], [80.00001661617398, 16.870579053880306], [80.02221629454641, 16.86032627893468], [80.04149954167059, 16.859862470676546], [80.04279435047897, 16.846560972410998], [80.0502575813224, 16.83353445265294], [80.07812986300286, 16.82115237987847], [80.06612984471661, 16.789457699813056], [80.06007259957084, 16.77887940536033], [80.05639964422824, 16.75279084622065], [80.04125392782657, 16.739401604700333], [80.02517053059557, 16.71946888428164], [80.00001185336441, 16.700180118018068], [79.98152420947474, 16.667181036975308], [79.96665492938155, 16.649711172932314], [79.95106105562326, 16.64028544511723], [79.93212994344219, 16.638373989168315], [79.91052851747713, 16.645427188513963], [79.89933566231105, 16.65710646089451], [79.88904879766392, 16.68365019839797], [79.88167136304304, 16.696152495241506], [79.87019162684214, 16.7056337615889], [79.83424125413063, 16.698842599506406], [79.81856145015087, 16.69783192070662], [79.79160604798079, 16.732085348260284], [79.78312142651271, 16.73674109082873], [79.75869281172396, 16.72732321859172], [79.74200406103864, 16.705228332821378], [79.73093474933927, 16.69980908831883], [79.69119469198148, 16.69752238844751], [79.6636444026671, 16.681218419894208], [79.65617575071036, 16.669136720683184], [79.64139743254555, 16.667985777321803], [79.62491979321396, 16.671715911560113], [79.60798882902128, 16.67032288239517], [79.59366748156907, 16.658402610592077], [79.57166831873798, 16.645108067683225], [79.5447431967412, 16.63856982014113], [79.52010899693272, 16.640621207003164], [79.50516201541473, 16.637458363312874], [79.45852590624565, 16.61606480035033], [79.45109497185553, 16.600628474324708], [79.43452350355687, 16.589430779007273], [79.41063033252391, 16.587318413613957], [79.35336012686844, 16.586356296405995], [79.32756879726224, 16.582631278410815], [79.30288668157516, 16.574078187058717], [79.27384279371, 16.568170900266864], [79.26851367026973, 16.553132508958186], [79.23817072429955, 16.52599437623951], [79.23300240233908, 16.514937339386734], [79.2318613020575, 16.49888839878065], [79.24289945674457, 16.477479398955154], [79.24398759505152, 16.46536176553309], [79.23414471490673, 16.45935180314325], [79.22684818959232, 16.444990372907455], [79.22041402778524, 16.400648930703653], [79.21931335202964, 16.36974656685061], [79.23112506397058, 16.357332471016775], [79.23573671008114, 16.343813493298114], [79.2377559659651, 16.307289849546976], [79.23303114467166, 16.257211443153608], [79.21548389216792, 16.23780928946718], [79.18452601316505, 16.224241411112303], [79.17064617078421, 16.22732594993272], [79.13084793898128, 16.24490221006897], [79.07635637404746, 16.245044595231946], [79.0502470684475, 16.25180121705256], [79.0278154693085, 16.251089330808043], [79.00008456465099, 16.23509857004302], [78.9666172326992, 16.223981388330458], [78.93306686274559, 16.20907462269571], [78.91563147691119, 16.19776131952932], [78.91316912235715, 16.17168216909687], [78.9284778435777, 16.14049850989835], [78.92949885738642, 16.128718003533095], [78.91811096355019, 16.112081427915598], [78.90881427226094, 16.104475805614015], [78.89668183419934, 16.105395864227773], [78.88024833719106, 16.116957484600277], [78.87385289389601, 16.15058964519602], [78.86394002311363, 16.16528570866859], [78.85375819208696, 16.166208383410208], [78.83958866728324, 16.158428886184197], [78.83797664510615, 16.148821683274093], [78.84145448803423, 16.126855307926178], [78.84780826933621, 16.10958149249194], [78.84404702664904, 16.094145918299546], [78.8290999489036, 16.068978441202148], [78.81552112220209, 16.052973477444084], [78.78255107936889, 16.030374481197384], [78.74642417963224, 16.02784709756554], [78.72104797528391, 16.03332408843596], [78.69389646155253, 16.046975854652032], [78.67564017455447, 16.06234321526722], [78.66499967489511, 16.077945494089306], [78.64367707743526, 16.097888993782078], [78.62416119368419, 16.10530404794349], [78.61061580017912, 16.102824003724834], [78.58352914195638, 16.076715220631], [78.566214650186, 16.0627366929441], [78.5539581497489, 16.0625470565015], [78.53987773337076, 16.068643462625744], [78.5025532963976, 16.07933457523052], [78.45787750963939, 16.087196993546456], [78.42775768996546, 16.088964103810383], [78.41243491593866, 16.087044634002723], [78.39098492771228, 16.077901165606363], [78.37675440099486, 16.065910846508416], [78.34709043867286, 16.05880404127356], [78.33779842835486, 16.053119053401645], [78.3228669574442, 16.03517854265567], [78.29879038496836, 16.034486231054757], [78.27470671324426, 16.040704374807092], [78.2579060931917, 16.03161532079048], [78.26631804314326, 16.000721548160982], [78.25493860833018, 15.97432062659567], [78.24946435859334, 15.943102800353984], [78.23445287589954, 15.929520105668416], [78.21193535013634, 15.923083359209727], [78.18652243816007, 15.906449364646505], [78.18800349386623, 15.893676730696598], [78.17717992371456, 15.872474253883752], [78.1711891168843, 15.855042998635554], [78.1322727306021, 15.854927640798053], [78.1333483602387, 15.840933340801087], [78.11600697963848, 15.833175518135704], [78.10755594425149, 15.833898721448861], [78.06998383308746, 15.850473212368911], [78.0551176286757, 15.87659496548531], [78.04694348195619, 15.878025883987391], [78.04604233518569, 15.903887831058626], [78.03497227794833, 15.908453773622796], [78.02313132275242, 15.90090845985759], [78.00803887139688, 15.865011764081714], [77.99977077160389, 15.866749060920483], [77.97896055748379, 15.879834063591204], [77.9342815169785, 15.882155335200594], [77.91348331870023, 15.890494043465367], [77.89355423873718, 15.90148305200131], [77.87276862467235, 15.897928772994533], [77.86148783739384, 15.881298129305264], [77.8396356057986, 15.881014287979042], [77.80488927961665, 15.870793510911824], [77.78455928638203, 15.874734682759424], [77.76564666426219, 15.882186382495604], [77.75522028149084, 15.881261471140022], [77.72160752376828, 15.891892002713803], [77.6889464268362, 15.87917694695858], [77.66430282821301, 15.881768618626893], [77.6449094375206, 15.888339075388046], [77.63098989636666, 15.90429402694781], [77.6115975596797, 15.916853776980247], [77.59360184764722, 15.912100112630128], [77.57675419844753, 15.917396362252362], [77.55388849745623, 15.918709771738634], [77.51440942785285, 15.92583542766289], [77.51953069098863, 15.948386559292317], [77.5198166313325, 15.968069309551026], [77.5104215946809, 15.97757138980785], [77.51498241650535, 16.00711478451973], [77.50656220987815, 16.010390566871195], [77.49554389513469, 16.035436638190333], [77.50435172934891, 16.059038949587887], [77.50775222608445, 16.07799231549302], [77.4977897558926, 16.084372071913663], [77.50267025792613, 16.101945553144787], [77.5142018661233, 16.10825741254962], [77.50019672749704, 16.119347878102133], [77.49140774756955, 16.120445875676694], [77.49280098627656, 16.152038928753598], [77.48829989652307, 16.163176153656593], [77.49305981745664, 16.183281260621754], [77.49960964017282, 16.191724837031643], [77.4999835054345, 16.21757038946197], [77.5134838977637, 16.21952329426466], [77.51544894611203, 16.22790904246841], [77.49340407523795, 16.22889301769868], [77.49217409136128, 16.254334029891595], [77.50360369035809, 16.262373696488964], [77.50586662924161, 16.27231412789473], [77.52911776617202, 16.274308781025468], [77.53850304248147, 16.267183330146622], [77.5479244553494, 16.2915932057619], [77.56975896130706, 16.302265221262985], [77.5854988013287, 16.29065070006982], [77.59318415482494, 16.300232167980198], [77.59564923342543, 16.316541777980717], [77.58918359264874, 16.332578905991795], [77.57659115136062, 16.34046187651444], [77.55923518375675, 16.346041452151326], [77.5397953925434, 16.357377615184816], [77.52345604735876, 16.37450087781332], [77.51471235459155, 16.37456245529313], [77.48587204086203, 16.382101419844673], [77.44249708567202, 16.37871579070122], [77.43214626214035, 16.36935873241964], [77.41608249890828, 16.366943591373683], [77.37741972953694, 16.384108873925413], [77.35671729017088, 16.380774369441667], [77.33684420829366, 16.392426444524858], [77.31102807178814, 16.398099259173534], [77.28864805146645, 16.40704406013532], [77.2682985447421, 16.43402481958981], [77.26209820306968, 16.451261540687597], [77.23899106648457, 16.471971135059903], [77.25536268204218, 16.471818153185268], [77.29595435600879, 16.477603058434454], [77.30058887097965, 16.49541113411658], [77.31308852471568, 16.493296932307658], [77.32844683815114, 16.484919786119292], [77.37042108396594, 16.48814978398542], [77.37322148918042, 16.506135297705896], [77.38530935414343, 16.515560001193137], [77.41954709032603, 16.521889319136847], [77.41985162325386, 16.548026858053106], [77.40574172979706, 16.550782432962933], [77.39556180713174, 16.569164950602044], [77.42515966928335, 16.569173068782163], [77.44095306663075, 16.585205773028065], [77.46066843350144, 16.585033203019975], [77.46789801867868, 16.60881861099017], [77.45812699256669, 16.611405652948577], [77.4756123663177, 16.647483359769296], [77.46566259904978, 16.652772451687326], [77.44825854919276, 16.63972743827071], [77.43711410363301, 16.641566969140342], [77.43223863780293, 16.653981308690504], [77.42097772913894, 16.658634061912494], [77.42068725531266, 16.666682795474685], [77.4413075137308, 16.670474406468713], [77.45060998316427, 16.678055464687986], [77.4659213375997, 16.676271059561827], [77.4692645439236, 16.68219295853828], [77.47297809196544, 16.712588717195615], [77.44955802098593, 16.717644061824046], [77.4415091956929, 16.711382971846717], [77.4275072325728, 16.71833689772967], [77.43538390154589, 16.7402303587441], [77.44130528970743, 16.766891962294267], [77.4393469224226, 16.781370784634078], [77.44864962208243, 16.783783404880296], [77.47148512473876, 16.780393319596044], [77.47590990521803, 16.80004596415], [77.46685833044762, 16.808258963380524], [77.46072482189305, 16.827457837009604], [77.46450020372146, 16.847798923381674], [77.4616629478868, 16.882915044493757], [77.45829701929205, 16.889747758852025], [77.45741692744929, 16.912618078761398], [77.47179819043419, 16.920717065540202], [77.46810062424447, 16.956233057609552], [77.48324405187157, 16.971575459340045], [77.48239934295538, 16.99376394205234], [77.4872668686711, 17.002190513181688], [77.50346835228271, 17.01083591274721], [77.49606596327362, 17.02513584014696], [77.49726942074722, 17.03646024994066], [77.482052515811, 17.06440647298041], [77.48089659200417, 17.079624395049848], [77.4642259051015, 17.096192704030102], [77.46656444729149, 17.107405945927724], [77.4424835625664, 17.117874561761653], [77.43762001455207, 17.11444654757014], [77.40750399181582, 17.12646064024642], [77.40264670128431, 17.135145461593822], [77.38003584118115, 17.14108144305419], [77.37909627717153, 17.151874660187445], [77.37053826382987, 17.154487985732032], [77.3636350732001, 17.164764663758262], [77.37202414619742, 17.179607066712833], [77.37439880246279, 17.193188376442492], [77.39520495704318, 17.195511714693907], [77.39688107839913, 17.214593867113308], [77.38401883959784, 17.222860335536097], [77.4091711811052, 17.240501900842105], [77.42150633265118, 17.235906197912755], [77.42633393836064, 17.25634250450304], [77.44112118859204, 17.26446792955136], [77.4583082922939, 17.278987471394714], [77.45659383014123, 17.289713278944703], [77.43776610042528, 17.291317371799323], [77.45341300450661, 17.317945337107687], [77.46012020498353, 17.34799403209894], [77.45350312377019, 17.353048285849752], [77.45534335071511, 17.37345903100953], [77.47914743670492, 17.371143417934434], [77.48643454701681, 17.357482689974233], [77.5029881394911, 17.35711066112816], [77.52472829577431, 17.36511358232599], [77.53193294814707, 17.37517030686422], [77.52522408662236, 17.389356250590538], [77.53749075029793, 17.401877057280444], [77.53061448806824, 17.408995999765636], [77.51453779438378, 17.415524263933662], [77.51399334841437, 17.430220321110994], [77.53736428133658, 17.443923353180253], [77.55277551717643, 17.43791464174734], [77.57654603687018, 17.43253946402507], [77.57717047303896, 17.457194492132146], [77.5999303804827, 17.44572216634498], [77.61468319027705, 17.447272271098484], [77.61500537240005, 17.472959997006285], [77.63812024045677, 17.47527076543355], [77.65221833211041, 17.484227445540228], [77.68822046440295, 17.47595375556142], [77.69220373621351, 17.501606175884376], [77.67023180395466, 17.512980606869576], [77.6607464555845, 17.52434540611563], [77.64940593803368, 17.521782843703306], [77.62527762935918, 17.525207276794447], [77.62061544764487, 17.53229687709927], [77.59570379349532, 17.5355939356117], [77.59641270028595, 17.55196959092393], [77.58933632900846, 17.561224361215352], [77.5522580679555, 17.552298307520914], [77.54052320668069, 17.574137176089835], [77.53124113566992, 17.57601739588614], [77.50538424278864, 17.543677813780107], [77.5005830312819, 17.54616095706257], [77.4937349412146, 17.569024879194842], [77.47777165114087, 17.56784703441315], [77.46486551373255, 17.579737298537566], [77.4435254847134, 17.5841447104101], [77.44409156927054, 17.60673383479866], [77.44940603825813, 17.614933771376514], [77.4544167369429, 17.634976401539745], [77.44922315212682, 17.6600375418991], [77.45497507923659, 17.69028767153884], [77.46145348768835, 17.701495474336696], [77.49298919369642, 17.70935992422119], [77.49793290547927, 17.71859546700722], [77.53128950840414, 17.729694372697168], [77.54311000672146, 17.728009441582515], [77.55566017897416, 17.736969316081115], [77.56584161519845, 17.749698584721955], [77.56976048206064, 17.766681304898327], [77.5582200497156, 17.763823540923738], [77.52672914163662, 17.782117095827346], [77.50812463624305, 17.78506076933911], [77.51453350731555, 17.803902751510805], [77.52977306077821, 17.81414853962343], [77.5296852842485, 17.829263798685417], [77.54743101802711, 17.82872901773004], [77.5580501695797, 17.832956413207967], [77.56722523475685, 17.844463481604464], [77.57119098327729, 17.86857551524787], [77.5962913754467, 17.88194504542753], [77.58682695160257, 17.900778671998182], [77.58894629663433, 17.910625299617948], [77.60360676853759, 17.906084846538477], [77.62044021294554, 17.9053039175418], [77.62384214589838, 17.946839502840817], [77.63270654656992, 17.950889476468205], [77.64786373472361, 17.948781298318295], [77.6481350251114, 17.965074368887088], [77.6572816465308, 17.97173536759317], [77.65003443733946, 17.995547585252893], [77.63263392811336, 17.994847136586145], [77.62609726697536, 18.00696856065059], [77.61384052372125, 18.012768177009832], [77.61044234903522, 18.020278413617916], [77.59598579121138, 18.01243646207314], [77.58869164640242, 18.027028683526964], [77.57818311326014, 18.03294123854738], [77.55675327794148, 18.036852572688133], [77.55569714111022, 18.049110786333756], [77.54937462024259, 18.055916102845913], [77.56034336435482, 18.06432885409339], [77.5709949238767, 18.078442955478067], [77.58113916593982, 18.079022442631697], [77.6011890212564, 18.086455819580465], [77.60428326735894, 18.10155180617096], [77.59719668697755, 18.129958557641373], [77.6014621462611, 18.15391409396034], [77.58302001166425, 18.164160094312933], [77.57363890551113, 18.19114872643263], [77.58859259597159, 18.218714591105538], [77.57613777523818, 18.242477802008978], [77.58510538300709, 18.258240760902424], [77.59556734205927, 18.26369196551184], [77.60667622033134, 18.279913138880318], [77.58742703592901, 18.28496246614492], [77.57423872363825, 18.29233783232513], [77.56454930380738, 18.284973949588164], [77.55350233126762, 18.2931922395303]]]]}}]}